order_id,order_date,delivery_date,category,sales_amount,quantity,status,city,delivery_days,order_hour,month
ORD1,2026-03-02 20:08:28,2026-03-05 20:08:28,Fashion,3057,2,Delivered,Chennai,3,20,Mar
ORD2,2026-01-21 20:21:48,2026-01-24 20:21:48,Fashion,547,3,Delivered,Bangalore,3,20,Jan
ORD3,2026-03-09 14:25:11,2026-03-13 14:25:11,Electronics,4463,4,Delivered,Mumbai,4,14,Mar
ORD4,2025-12-08 12:27:18,2025-12-10 12:27:18,Electronics,9557,4,Delivered,Delhi,2,12,Dec
ORD5,2026-05-16 14:49:01,2026-05-19 14:49:01,Groceries,145,5,Delivered,Delhi,3,14,May
ORD6,2025-12-12 17:23:10,2025-12-16 17:23:10,Books,1387,3,Delivered,Mumbai,4,17,Dec
ORD7,2026-03-04 12:57:26,2026-03-10 12:57:26,Electronics,7516,2,Delivered,Kochi,6,12,Mar
ORD8,2026-01-30 11:43:07,2026-02-02 11:43:07,Fashion,2561,2,Delivered,Mumbai,3,11,Jan
ORD9,2026-03-02 13:23:08,2026-03-08 13:23:08,Books,1413,1,Delivered,Chennai,6,13,Mar
ORD10,2025-12-05 18:20:15,2025-12-08 18:20:15,Home Appliances,16088,5,Delivered,Delhi,3,18,Dec
ORD11,2026-03-10 19:34:36,2026-03-12 19:34:36,Books,330,5,Delivered,Bangalore,2,19,Mar
ORD12,2026-02-26 19:55:05,2026-03-02 19:55:05,Fashion,3491,2,Delivered,Delhi,4,19,Feb
ORD13,2025-12-30 13:53:31,2026-01-02 13:53:31,Groceries,292,5,Cancelled,Chennai,3,13,Dec
ORD14,2026-05-06 11:13:51,2026-05-11 11:13:51,Electronics,8829,5,Delivered,Delhi,5,11,May
ORD15,2026-05-15 14:55:43,2026-05-21 14:55:43,Groceries,302,2,Cancelled,Bangalore,6,14,May
ORD16,2026-04-23 11:08:04,2026-04-26 11:08:04,Fashion,2087,5,Delivered,Kochi,3,11,Apr
ORD17,2026-05-27 17:36:34,2026-05-28 17:36:34,Electronics,8631,4,Delivered,Delhi,1,17,May
ORD18,2025-12-23 12:09:57,2025-12-28 12:09:57,Fashion,623,4,Delivered,Kochi,5,12,Dec
ORD19,2026-04-03 19:01:44,2026-04-08 19:01:44,Home Appliances,24726,3,Delivered,Delhi,5,19,Apr
ORD20,2026-01-18 20:06:30,2026-01-21 20:06:30,Fashion,2893,3,Delivered,Chennai,3,20,Jan
ORD21,2026-01-15 13:30:00,2026-01-18 13:30:00,Groceries,632,1,Delivered,Kochi,3,13,Jan
ORD22,2026-04-19 21:22:37,2026-04-24 21:22:37,Books,1476,5,Delivered,Mumbai,5,21,Apr
ORD23,2025-12-01 21:29:55,2025-12-07 21:29:55,Electronics,3736,1,Delivered,Delhi,6,21,Dec
ORD24,2026-01-03 21:09:23,2026-01-06 21:09:23,Groceries,419,1,Cancelled,Mumbai,3,21,Jan
ORD25,2026-01-28 10:44:27,2026-02-02 10:44:27,Groceries,721,4,Delivered,Delhi,5,10,Jan
ORD26,2026-02-22 18:52:49,2026-02-25 18:52:49,Groceries,540,4,Delivered,Delhi,3,18,Feb
ORD27,2026-04-04 21:35:50,2026-04-07 21:35:50,Electronics,2474,3,Delivered,Delhi,3,21,Apr
ORD28,2026-04-16 18:06:11,2026-04-19 18:06:11,Groceries,346,3,Delivered,Mumbai,3,18,Apr
ORD29,2026-02-24 21:38:20,2026-02-27 21:38:20,Electronics,5927,5,Delivered,Mumbai,3,21,Feb
ORD30,2026-01-20 17:07:24,2026-01-24 17:07:24,Fashion,2945,5,Delivered,Kochi,4,17,Jan
ORD31,2026-04-05 12:24:54,2026-04-10 12:24:54,Books,1419,4,Delivered,Delhi,5,12,Apr
ORD32,2026-02-21 09:14:59,2026-02-26 09:14:59,Fashion,1389,2,Delivered,Chennai,5,9,Feb
ORD33,2025-12-26 18:18:14,2025-12-27 18:18:14,Books,1488,3,Cancelled,Delhi,1,18,Dec
ORD34,2025-12-18 21:30:40,2025-12-23 21:30:40,Groceries,242,3,Delivered,Delhi,5,21,Dec
ORD35,2026-02-27 21:32:40,2026-03-03 21:32:40,Fashion,916,4,Delivered,Delhi,4,21,Feb
ORD36,2026-01-11 13:09:34,2026-01-15 13:09:34,Fashion,1937,5,Cancelled,Mumbai,4,13,Jan
ORD37,2026-04-23 11:34:33,2026-04-26 11:34:33,Electronics,8547,2,Delivered,Delhi,3,11,Apr
ORD38,2026-01-31 14:36:06,2026-02-05 14:36:06,Electronics,6636,4,Delivered,Kochi,5,14,Jan
ORD39,2026-04-19 18:56:38,2026-04-24 18:56:38,Groceries,711,1,Cancelled,Kochi,5,18,Apr
ORD40,2026-05-18 20:25:05,2026-05-21 20:25:05,Groceries,271,5,Delivered,Bangalore,3,20,May
ORD41,2026-05-28 10:16:25,2026-06-03 10:16:25,Home Appliances,16549,5,Delivered,Kochi,6,10,May
ORD42,2026-02-18 18:18:02,2026-02-23 18:18:02,Fashion,3681,3,Delivered,Kochi,5,18,Feb
ORD43,2026-02-05 10:20:29,2026-02-09 10:20:29,Groceries,784,4,Delivered,Chennai,4,10,Feb
ORD44,2026-04-09 19:29:00,2026-04-12 19:29:00,Electronics,3472,3,Delivered,Chennai,3,19,Apr
ORD45,2026-01-09 19:39:39,2026-01-14 19:39:39,Electronics,7127,5,Cancelled,Bangalore,5,19,Jan
ORD46,2026-05-07 21:24:18,2026-05-11 21:24:18,Groceries,975,3,Delivered,Delhi,4,21,May
ORD47,2025-12-18 18:00:35,2025-12-21 18:00:35,Electronics,6851,4,Delivered,Chennai,3,18,Dec
ORD48,2026-04-17 11:21:55,2026-04-22 11:21:55,Groceries,738,3,Delivered,Mumbai,5,11,Apr
ORD49,2025-12-26 10:04:04,2025-12-31 10:04:04,Fashion,3506,1,Delivered,Chennai,5,10,Dec
ORD50,2026-02-16 14:06:57,2026-02-18 14:06:57,Electronics,7233,1,Delivered,Bangalore,2,14,Feb
ORD51,2026-01-05 11:58:43,2026-01-09 11:58:43,Fashion,1469,2,Delivered,Mumbai,4,11,Jan
ORD52,2026-05-07 13:50:00,2026-05-12 13:50:00,Groceries,234,3,Cancelled,Bangalore,5,13,May
ORD53,2026-03-16 14:32:44,2026-03-20 14:32:44,Books,430,2,Delivered,Mumbai,4,14,Mar
ORD54,2026-01-01 09:51:45,2026-01-07 09:51:45,Groceries,432,5,Delivered,Chennai,6,9,Jan
ORD55,2026-03-22 09:01:14,2026-03-26 09:01:14,Fashion,569,2,Delivered,Chennai,4,9,Mar
ORD56,2026-05-20 19:34:47,2026-05-23 19:34:47,Groceries,848,5,Delivered,Chennai,3,19,May
ORD57,2026-01-28 14:36:54,2026-02-01 14:36:54,Groceries,844,2,Delivered,Kochi,4,14,Jan
ORD58,2026-01-20 17:00:46,2026-01-25 17:00:46,Electronics,7534,1,Delivered,Chennai,5,17,Jan
ORD59,2026-04-19 18:33:34,2026-04-20 18:33:34,Groceries,289,5,Cancelled,Mumbai,1,18,Apr
ORD60,2026-02-15 17:43:03,2026-02-17 17:43:03,Groceries,405,1,Delivered,Mumbai,2,17,Feb
ORD61,2026-02-13 20:31:20,2026-02-15 20:31:20,Electronics,9122,5,Delivered,Mumbai,2,20,Feb
ORD62,2026-01-06 12:07:20,2026-01-10 12:07:20,Electronics,8916,5,Delivered,Delhi,4,12,Jan
ORD63,2026-01-21 09:32:20,2026-01-27 09:32:20,Electronics,5077,3,Delivered,Chennai,6,9,Jan
ORD64,2026-05-04 18:01:21,2026-05-08 18:01:21,Groceries,269,3,Delivered,Delhi,4,18,May
ORD65,2026-03-26 21:05:46,2026-03-30 21:05:46,Groceries,351,2,Delivered,Kochi,4,21,Mar
ORD66,2026-03-14 21:26:38,2026-03-17 21:26:38,Electronics,3692,2,Delivered,Delhi,3,21,Mar
ORD67,2026-05-08 20:34:06,2026-05-12 20:34:06,Groceries,531,1,Delivered,Bangalore,4,20,May
ORD68,2025-12-02 19:41:57,2025-12-07 19:41:57,Books,941,2,Delivered,Chennai,5,19,Dec
ORD69,2026-01-01 19:28:11,2026-01-08 19:28:11,Groceries,862,3,Delivered,Mumbai,7,19,Jan
ORD70,2025-12-28 20:05:47,2026-01-04 20:05:47,Books,1410,3,Delivered,Chennai,7,20,Dec
ORD71,2026-03-27 21:39:37,2026-03-31 21:39:37,Groceries,749,3,Delivered,Delhi,4,21,Mar
ORD72,2026-05-01 09:34:18,2026-05-03 09:34:18,Fashion,1901,2,Delivered,Mumbai,2,9,May
ORD73,2026-05-28 09:50:26,2026-06-03 09:50:26,Books,897,3,Delivered,Kochi,6,9,May
ORD74,2025-12-27 13:53:36,2025-12-31 13:53:36,Home Appliances,10593,2,Delivered,Mumbai,4,13,Dec
ORD75,2026-02-06 09:30:57,2026-02-09 09:30:57,Fashion,1550,3,Delivered,Bangalore,3,9,Feb
ORD76,2026-01-03 11:43:35,2026-01-07 11:43:35,Electronics,8750,4,Cancelled,Bangalore,4,11,Jan
ORD77,2026-02-23 09:29:24,2026-02-28 09:29:24,Electronics,7763,3,Delivered,Delhi,5,9,Feb
ORD78,2026-04-15 20:44:16,2026-04-21 20:44:16,Home Appliances,19814,3,Delivered,Delhi,6,20,Apr
ORD79,2026-03-18 14:31:39,2026-03-25 14:31:39,Fashion,1872,3,Delivered,Mumbai,7,14,Mar
ORD80,2026-01-26 14:45:13,2026-01-28 14:45:13,Fashion,1387,5,Delivered,Bangalore,2,14,Jan
ORD81,2026-04-28 12:30:03,2026-05-02 12:30:03,Groceries,403,5,Delivered,Bangalore,4,12,Apr
ORD82,2026-03-24 10:24:00,2026-03-28 10:24:00,Electronics,9404,4,Delivered,Bangalore,4,10,Mar
ORD83,2026-03-12 20:00:09,2026-03-16 20:00:09,Groceries,701,1,Delivered,Mumbai,4,20,Mar
ORD84,2026-05-20 21:26:20,2026-05-25 21:26:20,Groceries,543,5,Delivered,Mumbai,5,21,May
ORD85,2026-03-24 13:03:57,2026-03-27 13:03:57,Groceries,586,3,Delivered,Bangalore,3,13,Mar
ORD86,2026-01-03 20:47:37,2026-01-05 20:47:37,Fashion,2362,3,Delivered,Mumbai,2,20,Jan
ORD87,2026-05-28 13:07:04,2026-06-02 13:07:04,Groceries,903,5,Delivered,Chennai,5,13,May
ORD88,2026-02-19 20:35:42,2026-02-24 20:35:42,Groceries,697,4,Delivered,Kochi,5,20,Feb
ORD89,2026-04-01 11:16:27,2026-04-05 11:16:27,Fashion,902,5,Delivered,Chennai,4,11,Apr
ORD90,2026-04-09 09:12:44,2026-04-13 09:12:44,Fashion,2633,1,Delivered,Kochi,4,9,Apr
ORD91,2026-04-25 14:57:10,2026-04-26 14:57:10,Electronics,5126,2,Delivered,Bangalore,1,14,Apr
ORD92,2026-03-21 14:10:13,2026-03-26 14:10:13,Groceries,184,3,Delivered,Chennai,5,14,Mar
ORD93,2026-05-15 09:26:36,2026-05-20 09:26:36,Groceries,181,1,Delivered,Bangalore,5,9,May
ORD94,2026-03-14 20:06:53,2026-03-16 20:06:53,Groceries,609,2,Delivered,Bangalore,2,20,Mar
ORD95,2026-02-12 13:13:18,2026-02-15 13:13:18,Electronics,9598,5,Delivered,Mumbai,3,13,Feb
ORD96,2026-01-07 17:49:52,2026-01-10 17:49:52,Fashion,3564,1,Cancelled,Kochi,3,17,Jan
ORD97,2026-01-03 18:30:23,2026-01-07 18:30:23,Electronics,8520,4,Delivered,Kochi,4,18,Jan
ORD98,2025-12-16 18:14:27,2025-12-20 18:14:27,Electronics,6015,1,Delivered,Chennai,4,18,Dec
ORD99,2026-03-26 21:28:41,2026-03-31 21:28:41,Books,1429,3,Delivered,Kochi,5,21,Mar
ORD100,2026-05-28 09:32:59,2026-06-01 09:32:59,Groceries,335,3,Cancelled,Bangalore,4,9,May
ORD101,2026-03-13 11:14:09,2026-03-14 11:14:09,Books,394,4,Delivered,Chennai,1,11,Mar
ORD102,2026-03-09 21:55:17,2026-03-14 21:55:17,Fashion,3807,2,Delivered,Chennai,5,21,Mar
ORD103,2025-12-10 21:18:08,2025-12-13 21:18:08,Groceries,674,3,Delivered,Delhi,3,21,Dec
ORD104,2026-03-07 18:52:34,2026-03-13 18:52:34,Groceries,597,3,Delivered,Kochi,6,18,Mar
ORD105,2025-12-21 09:01:56,2025-12-24 09:01:56,Groceries,323,5,Delivered,Mumbai,3,9,Dec
ORD106,2026-05-27 13:30:46,2026-05-31 13:30:46,Fashion,3870,3,Delivered,Bangalore,4,13,May
ORD107,2026-02-19 10:08:04,2026-02-24 10:08:04,Fashion,728,3,Delivered,Mumbai,5,10,Feb
ORD108,2026-01-12 19:28:41,2026-01-17 19:28:41,Fashion,3446,4,Delivered,Chennai,5,19,Jan
ORD109,2026-05-03 12:30:55,2026-05-06 12:30:55,Electronics,7535,2,Delivered,Kochi,3,12,May
ORD110,2026-01-21 12:44:27,2026-01-24 12:44:27,Groceries,332,3,Delivered,Bangalore,3,12,Jan
ORD111,2025-12-03 09:24:01,2025-12-04 09:24:01,Groceries,278,3,Delivered,Chennai,1,9,Dec
ORD112,2026-05-18 17:16:12,2026-05-23 17:16:12,Groceries,356,5,Delivered,Mumbai,5,17,May
ORD113,2026-04-03 10:30:49,2026-04-07 10:30:49,Fashion,3542,3,Delivered,Mumbai,4,10,Apr
ORD114,2026-01-29 11:58:15,2026-01-30 11:58:15,Groceries,203,5,Cancelled,Bangalore,1,11,Jan
ORD115,2026-04-13 13:04:05,2026-04-17 13:04:05,Groceries,652,5,Cancelled,Chennai,4,13,Apr
ORD116,2026-02-26 12:23:06,2026-03-02 12:23:06,Home Appliances,5453,2,Delivered,Bangalore,4,12,Feb
ORD117,2025-12-23 10:38:38,2025-12-28 10:38:38,Fashion,2874,2,Delivered,Bangalore,5,10,Dec
ORD118,2025-12-14 19:53:01,2025-12-17 19:53:01,Fashion,3092,3,Delivered,Chennai,3,19,Dec
ORD119,2025-12-20 18:03:46,2025-12-23 18:03:46,Books,292,3,Delivered,Bangalore,3,18,Dec
ORD120,2025-12-07 21:19:33,2025-12-11 21:19:33,Groceries,256,1,Delivered,Chennai,4,21,Dec
ORD121,2026-04-30 21:14:55,2026-05-02 21:14:55,Fashion,639,4,Delivered,Mumbai,2,21,Apr
ORD122,2026-05-08 11:03:45,2026-05-13 11:03:45,Groceries,273,3,Delivered,Delhi,5,11,May
ORD123,2025-12-14 17:21:10,2025-12-18 17:21:10,Fashion,2863,4,Delivered,Bangalore,4,17,Dec
ORD124,2026-04-09 10:30:45,2026-04-14 10:30:45,Groceries,401,5,Delivered,Mumbai,5,10,Apr
ORD125,2025-12-08 11:58:30,2025-12-12 11:58:30,Fashion,1186,4,Delivered,Mumbai,4,11,Dec
ORD126,2026-04-23 21:46:22,2026-04-27 21:46:22,Electronics,6624,2,Delivered,Mumbai,4,21,Apr
ORD127,2026-03-30 09:31:30,2026-04-03 09:31:30,Fashion,710,1,Delivered,Chennai,4,9,Mar
ORD128,2026-05-01 21:13:38,2026-05-04 21:13:38,Books,1285,4,Delivered,Kochi,3,21,May
ORD129,2025-12-01 09:15:43,2025-12-06 09:15:43,Electronics,6066,4,Delivered,Kochi,5,9,Dec
ORD130,2026-05-10 21:35:26,2026-05-13 21:35:26,Books,735,4,Delivered,Delhi,3,21,May
ORD131,2026-02-07 14:04:30,2026-02-12 14:04:30,Fashion,3574,1,Delivered,Chennai,5,14,Feb
ORD132,2026-01-18 10:23:03,2026-01-25 10:23:03,Groceries,333,3,Delivered,Mumbai,7,10,Jan
ORD133,2026-04-13 18:22:10,2026-04-17 18:22:10,Fashion,562,4,Delivered,Delhi,4,18,Apr
ORD134,2026-04-17 12:12:56,2026-04-22 12:12:56,Electronics,9746,1,Delivered,Delhi,5,12,Apr
ORD135,2026-01-09 20:53:25,2026-01-13 20:53:25,Groceries,273,3,Delivered,Chennai,4,20,Jan
ORD136,2025-11-30 09:53:34,2025-12-04 09:53:34,Electronics,2998,1,Delivered,Mumbai,4,9,Nov
ORD137,2026-05-24 14:52:35,2026-05-30 14:52:35,Groceries,744,2,Delivered,Delhi,6,14,May
ORD138,2026-02-22 19:12:14,2026-02-26 19:12:14,Fashion,835,4,Delivered,Delhi,4,19,Feb
ORD139,2026-01-22 14:27:07,2026-01-26 14:27:07,Home Appliances,10334,4,Delivered,Kochi,4,14,Jan
ORD140,2026-02-18 21:04:18,2026-02-20 21:04:18,Fashion,3021,2,Delivered,Bangalore,2,21,Feb
ORD141,2026-04-23 17:00:29,2026-04-25 17:00:29,Groceries,553,4,Delivered,Delhi,2,17,Apr
ORD142,2026-01-29 12:38:06,2026-02-01 12:38:06,Electronics,6482,3,Delivered,Delhi,3,12,Jan
ORD143,2026-03-12 11:10:21,2026-03-17 11:10:21,Groceries,889,2,Delivered,Bangalore,5,11,Mar
ORD144,2026-02-09 20:15:30,2026-02-14 20:15:30,Fashion,2660,5,Delivered,Delhi,5,20,Feb
ORD145,2025-12-15 10:08:15,2025-12-20 10:08:15,Fashion,2921,4,Delivered,Kochi,5,10,Dec
ORD146,2026-05-24 11:54:09,2026-05-27 11:54:09,Groceries,670,4,Delivered,Delhi,3,11,May
ORD147,2026-01-17 19:36:19,2026-01-20 19:36:19,Groceries,181,5,Delivered,Bangalore,3,19,Jan
ORD148,2026-01-17 11:31:11,2026-01-19 11:31:11,Groceries,149,3,Delivered,Bangalore,2,11,Jan
ORD149,2026-05-04 11:13:46,2026-05-09 11:13:46,Groceries,167,5,Delivered,Chennai,5,11,May
ORD150,2026-02-04 13:00:15,2026-02-08 13:00:15,Home Appliances,16412,1,Delivered,Bangalore,4,13,Feb
ORD151,2025-12-25 14:54:23,2025-12-30 14:54:23,Books,804,2,Delivered,Bangalore,5,14,Dec
ORD152,2026-02-24 19:04:50,2026-03-01 19:04:50,Groceries,323,2,Cancelled,Chennai,5,19,Feb
ORD153,2026-05-12 21:31:51,2026-05-13 21:31:51,Groceries,571,5,Delivered,Delhi,1,21,May
ORD154,2026-02-12 10:07:58,2026-02-19 10:07:58,Fashion,1995,4,Delivered,Bangalore,7,10,Feb
ORD155,2026-01-08 18:12:02,2026-01-11 18:12:02,Fashion,954,4,Cancelled,Kochi,3,18,Jan
ORD156,2026-01-25 17:09:09,2026-01-28 17:09:09,Groceries,347,2,Delivered,Mumbai,3,17,Jan
ORD157,2026-04-27 19:03:35,2026-04-28 19:03:35,Groceries,570,3,Delivered,Delhi,1,19,Apr
ORD158,2026-03-30 13:06:20,2026-04-06 13:06:20,Fashion,3710,2,Delivered,Chennai,7,13,Mar
ORD159,2026-04-05 10:38:08,2026-04-08 10:38:08,Fashion,2776,2,Delivered,Mumbai,3,10,Apr
ORD160,2026-03-15 18:33:06,2026-03-19 18:33:06,Electronics,4728,1,Delivered,Chennai,4,18,Mar
ORD161,2025-12-11 14:00:07,2025-12-16 14:00:07,Fashion,833,2,Delivered,Kochi,5,14,Dec
ORD162,2025-12-03 11:39:31,2025-12-07 11:39:31,Home Appliances,15324,2,Delivered,Kochi,4,11,Dec
ORD163,2026-05-16 19:55:35,2026-05-20 19:55:35,Home Appliances,11445,4,Delivered,Kochi,4,19,May
ORD164,2026-04-04 14:55:17,2026-04-09 14:55:17,Electronics,2519,5,Delivered,Chennai,5,14,Apr
ORD165,2026-05-06 12:56:38,2026-05-09 12:56:38,Electronics,3837,3,Delivered,Mumbai,3,12,May
ORD166,2026-01-27 18:48:48,2026-01-30 18:48:48,Electronics,9823,3,Delivered,Chennai,3,18,Jan
ORD167,2026-04-28 20:57:37,2026-05-01 20:57:37,Electronics,7031,1,Delivered,Bangalore,3,20,Apr
ORD168,2026-05-27 17:53:55,2026-05-28 17:53:55,Books,472,1,Cancelled,Bangalore,1,17,May
ORD169,2026-03-28 20:38:22,2026-03-31 20:38:22,Fashion,1213,2,Delivered,Delhi,3,20,Mar
ORD170,2026-05-15 19:50:32,2026-05-18 19:50:32,Home Appliances,20637,5,Delivered,Delhi,3,19,May
ORD171,2026-03-17 12:23:07,2026-03-23 12:23:07,Electronics,9007,4,Delivered,Delhi,6,12,Mar
ORD172,2026-04-25 10:43:04,2026-04-28 10:43:04,Groceries,483,4,Delivered,Bangalore,3,10,Apr
ORD173,2026-03-31 18:41:55,2026-04-03 18:41:55,Fashion,1929,5,Cancelled,Bangalore,3,18,Mar
ORD174,2026-01-15 18:52:13,2026-01-17 18:52:13,Groceries,782,1,Delivered,Chennai,2,18,Jan
ORD175,2026-05-07 21:50:39,2026-05-09 21:50:39,Electronics,3359,3,Delivered,Kochi,2,21,May
ORD176,2026-01-22 19:44:00,2026-01-24 19:44:00,Groceries,645,2,Delivered,Kochi,2,19,Jan
ORD177,2026-01-09 17:53:38,2026-01-11 17:53:38,Fashion,2642,4,Delivered,Delhi,2,17,Jan
ORD178,2026-04-27 12:01:39,2026-05-01 12:01:39,Groceries,733,4,Delivered,Chennai,4,12,Apr
ORD179,2026-04-15 20:35:31,2026-04-20 20:35:31,Groceries,269,2,Delivered,Chennai,5,20,Apr
ORD180,2026-04-22 10:40:10,2026-04-23 10:40:10,Groceries,391,5,Delivered,Bangalore,1,10,Apr
ORD181,2026-01-17 20:17:38,2026-01-20 20:17:38,Fashion,2970,3,Delivered,Chennai,3,20,Jan
ORD182,2026-03-27 19:26:55,2026-03-28 19:26:55,Groceries,995,3,Cancelled,Delhi,1,19,Mar
ORD183,2026-03-30 19:46:14,2026-04-03 19:46:14,Fashion,1059,1,Delivered,Chennai,4,19,Mar
ORD184,2026-01-18 11:13:17,2026-01-23 11:13:17,Fashion,2329,4,Delivered,Bangalore,5,11,Jan
ORD185,2026-05-16 14:41:23,2026-05-23 14:41:23,Groceries,841,2,Cancelled,Bangalore,7,14,May
ORD186,2026-04-18 10:21:11,2026-04-21 10:21:11,Groceries,511,5,Delivered,Kochi,3,10,Apr
ORD187,2026-04-20 21:23:11,2026-04-24 21:23:11,Books,1015,4,Delivered,Mumbai,4,21,Apr
ORD188,2026-03-18 21:39:42,2026-03-21 21:39:42,Fashion,3221,4,Delivered,Chennai,3,21,Mar
ORD189,2026-01-12 18:34:40,2026-01-15 18:34:40,Fashion,3709,3,Cancelled,Chennai,3,18,Jan
ORD190,2026-04-22 12:48:37,2026-04-28 12:48:37,Groceries,994,4,Cancelled,Chennai,6,12,Apr
ORD191,2026-03-06 21:22:22,2026-03-07 21:22:22,Groceries,971,2,Delivered,Delhi,1,21,Mar
ORD192,2026-03-28 13:27:23,2026-04-02 13:27:23,Groceries,227,1,Delivered,Kochi,5,13,Mar
ORD193,2026-02-10 14:27:27,2026-02-16 14:27:27,Electronics,8305,3,Delivered,Kochi,6,14,Feb
ORD194,2026-01-30 17:27:59,2026-02-05 17:27:59,Fashion,711,3,Delivered,Kochi,6,17,Jan
ORD195,2026-02-07 19:50:11,2026-02-12 19:50:11,Electronics,4821,3,Delivered,Delhi,5,19,Feb
ORD196,2026-04-22 09:44:45,2026-04-27 09:44:45,Electronics,6754,2,Delivered,Bangalore,5,9,Apr
ORD197,2026-04-04 21:15:28,2026-04-09 21:15:28,Groceries,737,1,Delivered,Mumbai,5,21,Apr
ORD198,2025-11-28 12:17:12,2025-12-05 12:17:12,Fashion,3451,4,Delivered,Mumbai,7,12,Nov
ORD199,2026-01-05 09:01:23,2026-01-09 09:01:23,Groceries,240,1,Delivered,Mumbai,4,9,Jan
ORD200,2026-01-27 19:26:30,2026-02-01 19:26:30,Books,220,2,Delivered,Bangalore,5,19,Jan
ORD201,2026-05-19 11:10:01,2026-05-21 11:10:01,Home Appliances,11400,5,Delivered,Chennai,2,11,May
ORD202,2026-05-17 14:42:10,2026-05-19 14:42:10,Groceries,588,1,Delivered,Mumbai,2,14,May
ORD203,2026-05-27 11:06:16,2026-06-01 11:06:16,Groceries,284,1,Delivered,Kochi,5,11,May
ORD204,2026-05-15 18:23:23,2026-05-21 18:23:23,Electronics,9897,4,Delivered,Delhi,6,18,May
ORD205,2026-04-16 11:55:32,2026-04-20 11:55:32,Groceries,106,4,Delivered,Kochi,4,11,Apr
ORD206,2026-02-19 18:20:52,2026-02-23 18:20:52,Electronics,8295,5,Delivered,Kochi,4,18,Feb
ORD207,2025-12-21 13:12:36,2025-12-26 13:12:36,Groceries,827,3,Delivered,Chennai,5,13,Dec
ORD208,2026-04-09 20:44:34,2026-04-12 20:44:34,Fashion,989,1,Delivered,Bangalore,3,20,Apr
ORD209,2026-02-25 17:25:56,2026-03-01 17:25:56,Books,1144,1,Delivered,Delhi,4,17,Feb
ORD210,2025-12-08 14:00:24,2025-12-11 14:00:24,Groceries,588,5,Delivered,Kochi,3,14,Dec
ORD211,2026-04-10 20:46:06,2026-04-11 20:46:06,Groceries,417,4,Delivered,Mumbai,1,20,Apr
ORD212,2026-03-06 10:47:40,2026-03-09 10:47:40,Fashion,3677,1,Delivered,Kochi,3,10,Mar
ORD213,2026-02-25 18:40:11,2026-03-01 18:40:11,Fashion,3329,1,Delivered,Delhi,4,18,Feb
ORD214,2026-05-02 09:18:04,2026-05-06 09:18:04,Books,371,3,Delivered,Chennai,4,9,May
ORD215,2026-04-15 09:21:16,2026-04-20 09:21:16,Groceries,883,4,Delivered,Delhi,5,9,Apr
ORD216,2026-05-26 17:57:24,2026-05-29 17:57:24,Fashion,516,3,Delivered,Bangalore,3,17,May
ORD217,2026-02-24 19:51:12,2026-02-27 19:51:12,Fashion,1766,2,Delivered,Bangalore,3,19,Feb
ORD218,2026-03-15 14:02:53,2026-03-20 14:02:53,Books,208,5,Delivered,Chennai,5,14,Mar
ORD219,2026-03-22 09:58:23,2026-03-26 09:58:23,Groceries,246,1,Delivered,Chennai,4,9,Mar
ORD220,2026-02-04 18:09:29,2026-02-07 18:09:29,Fashion,840,4,Delivered,Kochi,3,18,Feb
ORD221,2026-04-07 10:17:23,2026-04-09 10:17:23,Fashion,773,4,Delivered,Kochi,2,10,Apr
ORD222,2026-02-20 13:51:49,2026-02-22 13:51:49,Groceries,579,2,Delivered,Kochi,2,13,Feb
ORD223,2026-05-26 11:06:03,2026-05-29 11:06:03,Home Appliances,23351,1,Delivered,Chennai,3,11,May
ORD224,2025-12-20 11:22:43,2025-12-23 11:22:43,Groceries,174,5,Delivered,Chennai,3,11,Dec
ORD225,2026-03-07 21:54:02,2026-03-10 21:54:02,Fashion,1697,4,Delivered,Chennai,3,21,Mar
ORD226,2026-01-28 18:11:23,2026-01-31 18:11:23,Books,1104,3,Delivered,Kochi,3,18,Jan
ORD227,2025-12-05 17:19:43,2025-12-10 17:19:43,Fashion,3686,5,Delivered,Mumbai,5,17,Dec
ORD228,2026-02-14 17:28:00,2026-02-19 17:28:00,Groceries,999,1,Delivered,Kochi,5,17,Feb
ORD229,2026-04-04 18:05:15,2026-04-08 18:05:15,Electronics,8029,2,Delivered,Kochi,4,18,Apr
ORD230,2026-01-01 18:49:17,2026-01-05 18:49:17,Fashion,2745,4,Delivered,Delhi,4,18,Jan
ORD231,2026-02-03 20:31:33,2026-02-04 20:31:33,Fashion,875,2,Cancelled,Bangalore,1,20,Feb
ORD232,2026-04-01 09:22:27,2026-04-05 09:22:27,Groceries,299,4,Delivered,Kochi,4,9,Apr
ORD233,2026-04-09 09:14:04,2026-04-12 09:14:04,Home Appliances,8015,4,Delivered,Mumbai,3,9,Apr
ORD234,2026-02-27 11:41:30,2026-03-03 11:41:30,Fashion,750,5,Delivered,Chennai,4,11,Feb
ORD235,2026-05-24 21:27:59,2026-05-28 21:27:59,Groceries,681,3,Delivered,Bangalore,4,21,May
ORD236,2025-12-06 20:21:36,2025-12-12 20:21:36,Fashion,3428,3,Delivered,Kochi,6,20,Dec
ORD237,2026-04-29 09:55:19,2026-05-04 09:55:19,Groceries,250,3,Delivered,Chennai,5,9,Apr
ORD238,2025-12-11 13:26:08,2025-12-15 13:26:08,Fashion,2909,5,Delivered,Bangalore,4,13,Dec
ORD239,2026-02-18 19:06:02,2026-02-19 19:06:02,Electronics,6676,1,Delivered,Delhi,1,19,Feb
ORD240,2026-04-20 10:04:12,2026-04-22 10:04:12,Electronics,4375,2,Delivered,Kochi,2,10,Apr
ORD241,2026-05-23 12:37:49,2026-05-26 12:37:49,Fashion,3853,2,Delivered,Delhi,3,12,May
ORD242,2026-03-29 21:23:05,2026-04-02 21:23:05,Books,254,4,Delivered,Kochi,4,21,Mar
ORD243,2025-12-15 19:22:48,2025-12-19 19:22:48,Groceries,281,2,Delivered,Kochi,4,19,Dec
ORD244,2026-02-12 17:32:21,2026-02-16 17:32:21,Groceries,315,2,Delivered,Kochi,4,17,Feb
ORD245,2026-02-20 18:00:32,2026-02-23 18:00:32,Electronics,5274,5,Delivered,Bangalore,3,18,Feb
ORD246,2025-12-05 19:58:51,2025-12-10 19:58:51,Groceries,340,5,Delivered,Mumbai,5,19,Dec
ORD247,2026-04-03 11:00:47,2026-04-08 11:00:47,Fashion,1361,4,Delivered,Kochi,5,11,Apr
ORD248,2025-11-29 18:33:25,2025-12-02 18:33:25,Fashion,1873,4,Delivered,Kochi,3,18,Nov
ORD249,2025-12-27 18:13:02,2025-12-30 18:13:02,Fashion,2374,4,Delivered,Bangalore,3,18,Dec
ORD250,2026-02-19 12:08:27,2026-02-21 12:08:27,Electronics,7605,4,Delivered,Kochi,2,12,Feb
ORD251,2026-03-03 09:18:15,2026-03-07 09:18:15,Fashion,554,4,Delivered,Kochi,4,9,Mar
ORD252,2026-04-13 19:22:11,2026-04-18 19:22:11,Home Appliances,15449,2,Delivered,Mumbai,5,19,Apr
ORD253,2025-12-30 10:44:22,2026-01-06 10:44:22,Fashion,1565,5,Delivered,Bangalore,7,10,Dec
ORD254,2025-12-08 17:20:44,2025-12-10 17:20:44,Electronics,3324,2,Delivered,Chennai,2,17,Dec
ORD255,2026-02-25 20:19:37,2026-02-28 20:19:37,Electronics,3829,3,Delivered,Kochi,3,20,Feb
ORD256,2026-01-09 09:54:42,2026-01-13 09:54:42,Electronics,3249,5,Delivered,Bangalore,4,9,Jan
ORD257,2026-02-06 13:26:01,2026-02-07 13:26:01,Groceries,512,3,Delivered,Bangalore,1,13,Feb
ORD258,2026-05-02 09:18:11,2026-05-03 09:18:11,Home Appliances,19024,4,Delivered,Kochi,1,9,May
ORD259,2025-12-08 09:36:21,2025-12-13 09:36:21,Books,1400,5,Delivered,Mumbai,5,9,Dec
ORD260,2026-05-24 19:33:31,2026-05-29 19:33:31,Books,566,1,Delivered,Bangalore,5,19,May
ORD261,2025-12-18 14:24:46,2025-12-21 14:24:46,Fashion,756,4,Delivered,Bangalore,3,14,Dec
ORD262,2026-04-16 09:28:57,2026-04-21 09:28:57,Groceries,893,4,Cancelled,Delhi,5,9,Apr
ORD263,2025-12-18 13:46:26,2025-12-22 13:46:26,Groceries,148,1,Delivered,Kochi,4,13,Dec
ORD264,2026-03-10 12:32:04,2026-03-14 12:32:04,Fashion,1817,3,Delivered,Bangalore,4,12,Mar
ORD265,2026-04-28 17:18:11,2026-05-01 17:18:11,Fashion,3480,3,Delivered,Bangalore,3,17,Apr
ORD266,2026-04-19 13:58:58,2026-04-22 13:58:58,Fashion,668,2,Delivered,Chennai,3,13,Apr
ORD267,2026-03-18 19:43:00,2026-03-23 19:43:00,Electronics,3795,5,Delivered,Bangalore,5,19,Mar
ORD268,2026-04-12 12:14:52,2026-04-15 12:14:52,Electronics,6531,5,Delivered,Kochi,3,12,Apr
ORD269,2026-01-31 10:10:45,2026-02-06 10:10:45,Home Appliances,4036,3,Delivered,Kochi,6,10,Jan
ORD270,2026-02-12 12:35:43,2026-02-18 12:35:43,Fashion,575,3,Delivered,Chennai,6,12,Feb
ORD271,2026-01-01 14:15:31,2026-01-05 14:15:31,Groceries,215,5,Delivered,Kochi,4,14,Jan
ORD272,2026-01-27 19:58:10,2026-01-31 19:58:10,Books,372,3,Delivered,Chennai,4,19,Jan
ORD273,2026-01-02 10:12:05,2026-01-05 10:12:05,Fashion,3341,5,Delivered,Mumbai,3,10,Jan
ORD274,2026-05-11 13:18:43,2026-05-15 13:18:43,Home Appliances,24372,1,Delivered,Mumbai,4,13,May
ORD275,2026-05-28 12:22:07,2026-06-02 12:22:07,Groceries,446,1,Delivered,Mumbai,5,12,May
ORD276,2026-01-30 09:48:31,2026-02-04 09:48:31,Groceries,938,3,Delivered,Bangalore,5,9,Jan
ORD277,2026-02-17 14:27:49,2026-02-21 14:27:49,Groceries,709,5,Cancelled,Mumbai,4,14,Feb
ORD278,2026-02-06 13:51:19,2026-02-10 13:51:19,Fashion,3321,4,Delivered,Bangalore,4,13,Feb
ORD279,2026-04-19 13:09:07,2026-04-24 13:09:07,Electronics,5239,3,Delivered,Chennai,5,13,Apr
ORD280,2025-12-23 13:40:53,2025-12-26 13:40:53,Groceries,226,1,Delivered,Chennai,3,13,Dec
ORD281,2026-02-05 12:10:41,2026-02-08 12:10:41,Groceries,369,5,Delivered,Kochi,3,12,Feb
ORD282,2026-02-26 11:14:28,2026-03-02 11:14:28,Electronics,9985,5,Delivered,Kochi,4,11,Feb
ORD283,2026-04-17 11:37:40,2026-04-23 11:37:40,Groceries,178,4,Delivered,Delhi,6,11,Apr
ORD284,2026-03-14 20:52:43,2026-03-20 20:52:43,Groceries,336,5,Delivered,Delhi,6,20,Mar
ORD285,2025-12-07 13:48:58,2025-12-09 13:48:58,Electronics,3853,5,Delivered,Chennai,2,13,Dec
ORD286,2026-02-25 18:11:04,2026-02-28 18:11:04,Fashion,2766,1,Cancelled,Bangalore,3,18,Feb
ORD287,2026-02-03 13:51:41,2026-02-06 13:51:41,Groceries,677,3,Delivered,Mumbai,3,13,Feb
ORD288,2026-04-28 13:48:43,2026-05-02 13:48:43,Groceries,634,3,Delivered,Mumbai,4,13,Apr
ORD289,2025-12-15 13:55:38,2025-12-19 13:55:38,Books,658,2,Delivered,Mumbai,4,13,Dec
ORD290,2025-11-30 17:50:26,2025-12-04 17:50:26,Fashion,741,5,Delivered,Bangalore,4,17,Nov
ORD291,2026-05-25 21:46:57,2026-06-01 21:46:57,Fashion,1411,1,Delivered,Delhi,7,21,May
ORD292,2026-02-10 13:04:40,2026-02-15 13:04:40,Groceries,505,3,Delivered,Chennai,5,13,Feb
ORD293,2026-04-22 19:37:10,2026-04-27 19:37:10,Groceries,927,4,Delivered,Bangalore,5,19,Apr
ORD294,2026-01-01 14:14:09,2026-01-05 14:14:09,Groceries,639,5,Delivered,Bangalore,4,14,Jan
ORD295,2025-12-23 20:57:33,2025-12-27 20:57:33,Fashion,3859,5,Delivered,Bangalore,4,20,Dec
ORD296,2025-12-26 17:14:49,2025-12-30 17:14:49,Books,259,3,Delivered,Chennai,4,17,Dec
ORD297,2025-12-17 17:01:23,2025-12-20 17:01:23,Fashion,1928,2,Delivered,Delhi,3,17,Dec
ORD298,2026-01-25 21:10:25,2026-01-28 21:10:25,Groceries,311,5,Delivered,Kochi,3,21,Jan
ORD299,2026-04-12 13:24:57,2026-04-17 13:24:57,Books,992,3,Delivered,Bangalore,5,13,Apr
ORD300,2025-12-15 11:16:47,2025-12-20 11:16:47,Groceries,315,5,Delivered,Chennai,5,11,Dec
ORD301,2026-01-11 12:40:32,2026-01-14 12:40:32,Electronics,4020,2,Delivered,Mumbai,3,12,Jan
ORD302,2026-03-29 18:51:40,2026-04-01 18:51:40,Books,608,4,Cancelled,Chennai,3,18,Mar
ORD303,2025-12-26 12:25:51,2025-12-31 12:25:51,Groceries,511,5,Delivered,Bangalore,5,12,Dec
ORD304,2025-12-10 19:29:03,2025-12-16 19:29:03,Groceries,231,2,Delivered,Bangalore,6,19,Dec
ORD305,2026-05-27 17:51:46,2026-06-01 17:51:46,Books,698,5,Delivered,Chennai,5,17,May
ORD306,2026-05-27 21:44:17,2026-05-31 21:44:17,Groceries,496,1,Delivered,Mumbai,4,21,May
ORD307,2026-02-14 17:01:28,2026-02-19 17:01:28,Groceries,576,3,Delivered,Kochi,5,17,Feb
ORD308,2025-11-28 17:26:34,2025-11-30 17:26:34,Books,996,3,Delivered,Delhi,2,17,Nov
ORD309,2026-02-03 19:11:06,2026-02-07 19:11:06,Electronics,8822,2,Delivered,Bangalore,4,19,Feb
ORD310,2026-02-27 20:25:46,2026-03-01 20:25:46,Fashion,1990,5,Delivered,Mumbai,2,20,Feb
ORD311,2025-12-18 19:45:38,2025-12-23 19:45:38,Fashion,3923,4,Delivered,Kochi,5,19,Dec
ORD312,2026-03-14 12:57:48,2026-03-17 12:57:48,Groceries,737,4,Delivered,Kochi,3,12,Mar
ORD313,2026-05-01 17:21:48,2026-05-08 17:21:48,Electronics,2518,1,Delivered,Delhi,7,17,May
ORD314,2026-04-16 20:25:13,2026-04-18 20:25:13,Electronics,8738,5,Delivered,Chennai,2,20,Apr
ORD315,2026-05-28 14:42:23,2026-06-01 14:42:23,Groceries,848,3,Delivered,Bangalore,4,14,May
ORD316,2026-03-29 09:30:18,2026-04-03 09:30:18,Fashion,527,2,Delivered,Bangalore,5,9,Mar
ORD317,2025-12-19 14:39:04,2025-12-22 14:39:04,Groceries,746,2,Delivered,Delhi,3,14,Dec
ORD318,2025-12-15 18:20:33,2025-12-18 18:20:33,Electronics,4460,2,Delivered,Delhi,3,18,Dec
ORD319,2026-01-08 14:28:00,2026-01-11 14:28:00,Books,295,3,Delivered,Chennai,3,14,Jan
ORD320,2026-04-18 21:13:23,2026-04-22 21:13:23,Books,685,2,Delivered,Chennai,4,21,Apr
ORD321,2026-01-03 14:18:43,2026-01-07 14:18:43,Groceries,694,3,Delivered,Kochi,4,14,Jan
ORD322,2025-12-09 12:10:58,2025-12-13 12:10:58,Electronics,5874,2,Delivered,Kochi,4,12,Dec
ORD323,2026-05-09 10:10:22,2026-05-12 10:10:22,Electronics,2408,3,Delivered,Chennai,3,10,May
ORD324,2026-03-24 20:56:49,2026-03-29 20:56:49,Electronics,7953,2,Delivered,Kochi,5,20,Mar
ORD325,2026-03-12 13:50:14,2026-03-13 13:50:14,Groceries,375,1,Delivered,Delhi,1,13,Mar
ORD326,2026-02-06 12:46:46,2026-02-10 12:46:46,Fashion,3073,3,Delivered,Bangalore,4,12,Feb
ORD327,2025-12-20 13:25:29,2025-12-25 13:25:29,Books,942,3,Delivered,Bangalore,5,13,Dec
ORD328,2026-02-07 12:17:11,2026-02-10 12:17:11,Fashion,1996,1,Cancelled,Mumbai,3,12,Feb
ORD329,2026-02-11 20:27:28,2026-02-13 20:27:28,Groceries,209,1,Delivered,Bangalore,2,20,Feb
ORD330,2026-04-02 09:08:54,2026-04-06 09:08:54,Fashion,671,1,Delivered,Chennai,4,9,Apr
ORD331,2026-03-21 18:02:20,2026-03-25 18:02:20,Groceries,538,3,Delivered,Mumbai,4,18,Mar
ORD332,2025-12-22 12:37:05,2025-12-25 12:37:05,Home Appliances,10908,4,Delivered,Delhi,3,12,Dec
ORD333,2026-03-04 10:21:19,2026-03-08 10:21:19,Electronics,5928,1,Delivered,Chennai,4,10,Mar
ORD334,2025-12-02 19:10:14,2025-12-07 19:10:14,Books,883,4,Delivered,Mumbai,5,19,Dec
ORD335,2026-01-03 18:45:23,2026-01-08 18:45:23,Groceries,770,1,Delivered,Chennai,5,18,Jan
ORD336,2026-03-29 11:25:44,2026-04-01 11:25:44,Fashion,2153,5,Delivered,Mumbai,3,11,Mar
ORD337,2026-04-07 19:59:01,2026-04-11 19:59:01,Fashion,2871,3,Delivered,Chennai,4,19,Apr
ORD338,2026-02-09 17:57:04,2026-02-12 17:57:04,Books,1036,4,Delivered,Kochi,3,17,Feb
ORD339,2025-12-25 18:59:36,2025-12-28 18:59:36,Fashion,1722,4,Delivered,Delhi,3,18,Dec
ORD340,2026-05-23 09:54:41,2026-05-26 09:54:41,Groceries,388,3,Cancelled,Mumbai,3,9,May
ORD341,2026-02-06 09:04:56,2026-02-09 09:04:56,Home Appliances,20650,2,Delivered,Delhi,3,9,Feb
ORD342,2026-01-01 14:08:09,2026-01-06 14:08:09,Electronics,4721,3,Delivered,Bangalore,5,14,Jan
ORD343,2026-03-08 20:30:35,2026-03-11 20:30:35,Groceries,934,4,Delivered,Mumbai,3,20,Mar
ORD344,2026-04-04 10:56:52,2026-04-09 10:56:52,Electronics,3814,3,Delivered,Chennai,5,10,Apr
ORD345,2026-02-10 09:27:13,2026-02-12 09:27:13,Fashion,3720,1,Delivered,Chennai,2,9,Feb
ORD346,2026-02-20 10:12:25,2026-02-23 10:12:25,Groceries,129,5,Delivered,Chennai,3,10,Feb
ORD347,2026-01-21 17:33:57,2026-01-24 17:33:57,Fashion,3012,5,Delivered,Chennai,3,17,Jan
ORD348,2026-03-14 12:02:55,2026-03-18 12:02:55,Electronics,9494,2,Delivered,Mumbai,4,12,Mar
ORD349,2025-12-31 09:46:41,2026-01-04 09:46:41,Fashion,2463,2,Delivered,Chennai,4,9,Dec
ORD350,2026-01-31 17:37:06,2026-02-04 17:37:06,Fashion,3009,2,Delivered,Mumbai,4,17,Jan
ORD351,2026-04-30 09:59:45,2026-05-03 09:59:45,Books,1229,2,Cancelled,Delhi,3,9,Apr
ORD352,2026-03-17 09:47:27,2026-03-23 09:47:27,Groceries,687,1,Delivered,Mumbai,6,9,Mar
ORD353,2026-02-01 10:46:00,2026-02-02 10:46:00,Groceries,768,3,Delivered,Delhi,1,10,Feb
ORD354,2026-05-13 21:02:44,2026-05-17 21:02:44,Groceries,845,2,Delivered,Kochi,4,21,May
ORD355,2026-01-19 12:04:04,2026-01-22 12:04:04,Fashion,831,3,Cancelled,Chennai,3,12,Jan
ORD356,2026-01-06 18:24:48,2026-01-12 18:24:48,Fashion,1096,4,Cancelled,Bangalore,6,18,Jan
ORD357,2026-03-18 14:06:52,2026-03-22 14:06:52,Groceries,408,2,Delivered,Mumbai,4,14,Mar
ORD358,2025-12-25 17:04:21,2025-12-29 17:04:21,Groceries,900,3,Delivered,Delhi,4,17,Dec
ORD359,2026-03-24 09:10:38,2026-03-30 09:10:38,Groceries,103,1,Delivered,Delhi,6,9,Mar
ORD360,2026-05-12 14:13:15,2026-05-15 14:13:15,Electronics,3768,4,Delivered,Kochi,3,14,May
ORD361,2025-12-06 17:06:14,2025-12-12 17:06:14,Electronics,9461,2,Cancelled,Mumbai,6,17,Dec
ORD362,2026-01-05 14:58:25,2026-01-09 14:58:25,Books,811,2,Delivered,Delhi,4,14,Jan
ORD363,2026-03-29 17:09:08,2026-04-01 17:09:08,Groceries,666,3,Delivered,Mumbai,3,17,Mar
ORD364,2026-04-15 09:24:05,2026-04-19 09:24:05,Groceries,170,2,Delivered,Chennai,4,9,Apr
ORD365,2026-05-24 13:06:59,2026-05-28 13:06:59,Fashion,3913,3,Delivered,Bangalore,4,13,May
ORD366,2026-05-17 12:41:50,2026-05-20 12:41:50,Groceries,894,4,Delivered,Mumbai,3,12,May
ORD367,2025-12-22 12:35:58,2025-12-24 12:35:58,Books,405,1,Delivered,Mumbai,2,12,Dec
ORD368,2025-12-14 21:18:01,2025-12-17 21:18:01,Groceries,346,3,Delivered,Kochi,3,21,Dec
ORD369,2026-05-05 20:19:02,2026-05-07 20:19:02,Fashion,1381,4,Delivered,Mumbai,2,20,May
ORD370,2026-04-20 12:36:14,2026-04-24 12:36:14,Electronics,2456,1,Delivered,Chennai,4,12,Apr
ORD371,2026-05-20 19:31:12,2026-05-24 19:31:12,Fashion,3516,5,Delivered,Chennai,4,19,May
ORD372,2026-05-02 17:34:08,2026-05-05 17:34:08,Groceries,977,5,Delivered,Delhi,3,17,May
ORD373,2025-12-12 17:10:53,2025-12-16 17:10:53,Groceries,725,5,Delivered,Mumbai,4,17,Dec
ORD374,2026-02-26 18:10:22,2026-03-03 18:10:22,Fashion,3329,3,Delivered,Mumbai,5,18,Feb
ORD375,2026-02-18 21:50:32,2026-02-22 21:50:32,Fashion,2525,2,Delivered,Delhi,4,21,Feb
ORD376,2026-05-01 21:53:42,2026-05-06 21:53:42,Electronics,4409,3,Delivered,Bangalore,5,21,May
ORD377,2026-01-19 10:49:59,2026-01-26 10:49:59,Home Appliances,15340,1,Delivered,Delhi,7,10,Jan
ORD378,2026-01-22 19:01:35,2026-01-27 19:01:35,Groceries,617,1,Delivered,Kochi,5,19,Jan
ORD379,2026-03-02 12:02:11,2026-03-06 12:02:11,Books,1497,5,Delivered,Bangalore,4,12,Mar
ORD380,2026-01-02 14:39:23,2026-01-05 14:39:23,Electronics,5168,1,Delivered,Delhi,3,14,Jan
ORD381,2026-01-19 11:59:22,2026-01-23 11:59:22,Groceries,804,2,Delivered,Delhi,4,11,Jan
ORD382,2026-02-07 11:04:39,2026-02-11 11:04:39,Fashion,2294,2,Delivered,Kochi,4,11,Feb
ORD383,2026-04-19 14:57:01,2026-04-24 14:57:01,Home Appliances,24477,4,Delivered,Chennai,5,14,Apr
ORD384,2026-02-03 11:56:30,2026-02-06 11:56:30,Electronics,8494,3,Delivered,Bangalore,3,11,Feb
ORD385,2026-04-26 11:29:51,2026-04-30 11:29:51,Groceries,405,5,Delivered,Delhi,4,11,Apr
ORD386,2026-02-27 14:02:06,2026-03-03 14:02:06,Fashion,3251,2,Delivered,Delhi,4,14,Feb
ORD387,2026-02-13 10:33:02,2026-02-16 10:33:02,Groceries,120,1,Delivered,Chennai,3,10,Feb
ORD388,2026-02-12 11:52:44,2026-02-17 11:52:44,Groceries,114,1,Delivered,Delhi,5,11,Feb
ORD389,2026-03-19 17:04:46,2026-03-23 17:04:46,Fashion,545,1,Delivered,Kochi,4,17,Mar
ORD390,2026-01-03 12:58:26,2026-01-09 12:58:26,Groceries,437,5,Delivered,Delhi,6,12,Jan
ORD391,2026-03-26 19:01:19,2026-03-30 19:01:19,Groceries,515,3,Delivered,Delhi,4,19,Mar
ORD392,2025-12-12 20:58:20,2025-12-17 20:58:20,Home Appliances,9873,3,Delivered,Bangalore,5,20,Dec
ORD393,2026-02-10 09:17:30,2026-02-12 09:17:30,Groceries,634,2,Cancelled,Mumbai,2,9,Feb
ORD394,2026-04-29 21:26:42,2026-05-06 21:26:42,Fashion,598,3,Delivered,Delhi,7,21,Apr
ORD395,2025-12-24 17:16:06,2025-12-29 17:16:06,Fashion,2664,1,Delivered,Kochi,5,17,Dec
ORD396,2026-05-22 21:25:51,2026-05-29 21:25:51,Books,1000,4,Cancelled,Delhi,7,21,May
ORD397,2026-02-09 09:42:59,2026-02-13 09:42:59,Books,738,5,Delivered,Delhi,4,9,Feb
ORD398,2026-02-27 11:42:14,2026-03-02 11:42:14,Fashion,2474,2,Delivered,Mumbai,3,11,Feb
ORD399,2026-04-13 10:12:35,2026-04-17 10:12:35,Groceries,870,1,Cancelled,Delhi,4,10,Apr
ORD400,2026-03-29 10:28:50,2026-04-01 10:28:50,Fashion,2054,2,Delivered,Bangalore,3,10,Mar
ORD401,2026-02-09 11:44:30,2026-02-14 11:44:30,Electronics,8116,5,Delivered,Chennai,5,11,Feb
ORD402,2026-04-06 12:31:27,2026-04-10 12:31:27,Fashion,3527,4,Delivered,Chennai,4,12,Apr
ORD403,2026-04-23 14:04:26,2026-04-26 14:04:26,Groceries,616,2,Delivered,Mumbai,3,14,Apr
ORD404,2026-01-15 11:48:55,2026-01-22 11:48:55,Books,623,2,Delivered,Delhi,7,11,Jan
ORD405,2026-05-14 13:21:13,2026-05-17 13:21:13,Groceries,326,4,Delivered,Mumbai,3,13,May
ORD406,2026-03-05 20:02:13,2026-03-08 20:02:13,Electronics,7766,2,Delivered,Delhi,3,20,Mar
ORD407,2026-03-11 12:49:28,2026-03-16 12:49:28,Electronics,4063,3,Delivered,Chennai,5,12,Mar
ORD408,2026-01-07 18:59:42,2026-01-10 18:59:42,Fashion,1426,4,Delivered,Chennai,3,18,Jan
ORD409,2026-03-05 12:43:05,2026-03-09 12:43:05,Groceries,333,5,Delivered,Bangalore,4,12,Mar
ORD410,2025-12-01 12:44:10,2025-12-05 12:44:10,Electronics,4756,1,Delivered,Bangalore,4,12,Dec
ORD411,2025-12-02 12:33:33,2025-12-04 12:33:33,Fashion,3593,5,Delivered,Delhi,2,12,Dec
ORD412,2025-12-08 21:17:20,2025-12-12 21:17:20,Groceries,993,5,Delivered,Mumbai,4,21,Dec
ORD413,2025-12-02 12:49:02,2025-12-05 12:49:02,Books,917,2,Delivered,Mumbai,3,12,Dec
ORD414,2026-02-07 17:11:50,2026-02-13 17:11:50,Groceries,564,3,Delivered,Bangalore,6,17,Feb
ORD415,2025-12-18 12:08:51,2025-12-21 12:08:51,Electronics,4919,2,Delivered,Chennai,3,12,Dec
ORD416,2026-05-14 10:50:28,2026-05-19 10:50:28,Groceries,630,4,Delivered,Delhi,5,10,May
ORD417,2026-03-01 18:23:31,2026-03-04 18:23:31,Fashion,1662,4,Delivered,Kochi,3,18,Mar
ORD418,2025-12-26 20:13:46,2025-12-31 20:13:46,Groceries,720,4,Delivered,Chennai,5,20,Dec
ORD419,2026-04-14 12:58:50,2026-04-20 12:58:50,Electronics,5858,2,Delivered,Kochi,6,12,Apr
ORD420,2025-12-02 12:46:03,2025-12-05 12:46:03,Groceries,844,2,Delivered,Bangalore,3,12,Dec
ORD421,2026-05-02 18:46:19,2026-05-06 18:46:19,Fashion,2666,1,Delivered,Delhi,4,18,May
ORD422,2026-01-31 18:28:33,2026-02-03 18:28:33,Groceries,568,1,Delivered,Chennai,3,18,Jan
ORD423,2026-01-07 19:04:15,2026-01-10 19:04:15,Electronics,2598,4,Delivered,Bangalore,3,19,Jan
ORD424,2026-03-11 10:22:56,2026-03-15 10:22:56,Groceries,443,1,Delivered,Chennai,4,10,Mar
ORD425,2025-12-31 14:30:39,2026-01-03 14:30:39,Groceries,256,3,Delivered,Bangalore,3,14,Dec
ORD426,2026-05-21 10:22:37,2026-05-25 10:22:37,Electronics,9805,3,Delivered,Delhi,4,10,May
ORD427,2025-12-24 10:02:01,2025-12-27 10:02:01,Fashion,2098,4,Delivered,Mumbai,3,10,Dec
ORD428,2026-03-03 21:00:19,2026-03-07 21:00:19,Books,405,4,Delivered,Chennai,4,21,Mar
ORD429,2026-04-22 19:13:53,2026-04-25 19:13:53,Groceries,500,5,Delivered,Chennai,3,19,Apr
ORD430,2026-02-21 11:47:36,2026-02-27 11:47:36,Fashion,649,3,Delivered,Bangalore,6,11,Feb
ORD431,2026-03-13 19:45:03,2026-03-17 19:45:03,Fashion,2154,2,Delivered,Delhi,4,19,Mar
ORD432,2026-01-01 09:39:13,2026-01-05 09:39:13,Fashion,666,3,Delivered,Chennai,4,9,Jan
ORD433,2025-12-15 19:39:12,2025-12-18 19:39:12,Fashion,3733,2,Delivered,Mumbai,3,19,Dec
ORD434,2026-02-15 20:42:22,2026-02-19 20:42:22,Fashion,533,3,Delivered,Delhi,4,20,Feb
ORD435,2026-02-23 12:04:08,2026-02-24 12:04:08,Groceries,995,5,Delivered,Delhi,1,12,Feb
ORD436,2026-03-11 13:24:07,2026-03-14 13:24:07,Books,245,5,Delivered,Bangalore,3,13,Mar
ORD437,2025-12-28 21:47:43,2025-12-30 21:47:43,Groceries,178,4,Delivered,Bangalore,2,21,Dec
ORD438,2025-12-29 13:07:26,2026-01-01 13:07:26,Books,1087,2,Delivered,Bangalore,3,13,Dec
ORD439,2026-01-26 20:13:32,2026-01-31 20:13:32,Groceries,501,1,Delivered,Chennai,5,20,Jan
ORD440,2026-03-21 19:44:23,2026-03-26 19:44:23,Groceries,835,5,Delivered,Bangalore,5,19,Mar
ORD441,2026-04-30 10:45:18,2026-05-04 10:45:18,Fashion,3368,4,Delivered,Bangalore,4,10,Apr
ORD442,2026-04-03 19:50:38,2026-04-06 19:50:38,Groceries,726,1,Delivered,Kochi,3,19,Apr
ORD443,2026-01-20 14:23:39,2026-01-24 14:23:39,Groceries,414,3,Delivered,Delhi,4,14,Jan
ORD444,2026-04-28 20:54:58,2026-05-03 20:54:58,Electronics,3528,4,Delivered,Chennai,5,20,Apr
ORD445,2026-04-22 17:57:33,2026-04-25 17:57:33,Groceries,664,3,Cancelled,Delhi,3,17,Apr
ORD446,2025-12-20 17:44:37,2025-12-26 17:44:37,Fashion,2589,2,Delivered,Chennai,6,17,Dec
ORD447,2026-02-06 17:26:08,2026-02-10 17:26:08,Groceries,553,5,Delivered,Chennai,4,17,Feb
ORD448,2026-01-13 18:20:53,2026-01-18 18:20:53,Electronics,8549,5,Delivered,Chennai,5,18,Jan
ORD449,2026-03-10 20:24:12,2026-03-14 20:24:12,Groceries,140,5,Delivered,Chennai,4,20,Mar
ORD450,2026-01-26 19:14:16,2026-01-30 19:14:16,Groceries,803,2,Delivered,Chennai,4,19,Jan
ORD451,2026-02-09 14:22:35,2026-02-13 14:22:35,Groceries,578,5,Delivered,Chennai,4,14,Feb
ORD452,2026-01-07 12:25:12,2026-01-10 12:25:12,Groceries,243,2,Delivered,Kochi,3,12,Jan
ORD453,2025-12-02 09:35:30,2025-12-05 09:35:30,Electronics,5239,1,Delivered,Delhi,3,9,Dec
ORD454,2026-02-05 20:29:50,2026-02-07 20:29:50,Groceries,661,5,Delivered,Chennai,2,20,Feb
ORD455,2025-12-11 12:21:26,2025-12-16 12:21:26,Electronics,9097,4,Delivered,Bangalore,5,12,Dec
ORD456,2026-01-20 17:12:55,2026-01-25 17:12:55,Groceries,198,4,Delivered,Kochi,5,17,Jan
ORD457,2026-02-03 11:58:42,2026-02-05 11:58:42,Groceries,205,5,Cancelled,Mumbai,2,11,Feb
ORD458,2026-02-24 14:48:39,2026-02-27 14:48:39,Fashion,3525,2,Cancelled,Mumbai,3,14,Feb
ORD459,2026-02-13 14:40:28,2026-02-18 14:40:28,Groceries,931,5,Delivered,Kochi,5,14,Feb
ORD460,2026-03-22 09:36:09,2026-03-25 09:36:09,Books,1416,4,Delivered,Kochi,3,9,Mar
ORD461,2025-12-27 10:53:27,2025-12-29 10:53:27,Groceries,1000,3,Delivered,Chennai,2,10,Dec
ORD462,2026-01-22 20:59:33,2026-01-26 20:59:33,Books,233,5,Delivered,Chennai,4,20,Jan
ORD463,2026-05-22 19:51:52,2026-05-25 19:51:52,Groceries,833,5,Delivered,Bangalore,3,19,May
ORD464,2026-01-24 13:09:07,2026-01-28 13:09:07,Groceries,581,4,Delivered,Chennai,4,13,Jan
ORD465,2026-02-14 19:18:44,2026-02-18 19:18:44,Books,250,2,Delivered,Delhi,4,19,Feb
ORD466,2026-05-09 13:44:14,2026-05-13 13:44:14,Groceries,261,4,Delivered,Mumbai,4,13,May
ORD467,2026-05-29 20:15:48,2026-06-04 20:15:48,Electronics,4329,2,Delivered,Delhi,6,20,May
ORD468,2026-02-25 17:06:21,2026-03-01 17:06:21,Fashion,3027,3,Delivered,Mumbai,4,17,Feb
ORD469,2026-05-29 17:52:56,2026-06-03 17:52:56,Groceries,550,3,Delivered,Delhi,5,17,May
ORD470,2026-01-03 13:04:01,2026-01-06 13:04:01,Books,1326,2,Delivered,Mumbai,3,13,Jan
ORD471,2026-03-05 17:10:45,2026-03-06 17:10:45,Groceries,386,3,Cancelled,Bangalore,1,17,Mar
ORD472,2026-03-23 12:32:36,2026-03-27 12:32:36,Fashion,1074,2,Delivered,Mumbai,4,12,Mar
ORD473,2026-05-07 17:13:07,2026-05-12 17:13:07,Electronics,9426,5,Delivered,Mumbai,5,17,May
ORD474,2026-05-13 18:31:37,2026-05-18 18:31:37,Fashion,3733,3,Delivered,Delhi,5,18,May
ORD475,2026-05-03 18:45:02,2026-05-10 18:45:02,Groceries,242,1,Delivered,Bangalore,7,18,May
ORD476,2025-12-02 12:51:38,2025-12-03 12:51:38,Groceries,566,3,Delivered,Chennai,1,12,Dec
ORD477,2026-02-04 14:44:20,2026-02-08 14:44:20,Fashion,2076,5,Delivered,Bangalore,4,14,Feb
ORD478,2026-05-16 19:50:25,2026-05-18 19:50:25,Groceries,113,3,Delivered,Kochi,2,19,May
ORD479,2026-04-26 19:24:39,2026-04-29 19:24:39,Groceries,869,5,Cancelled,Mumbai,3,19,Apr
ORD480,2026-04-04 11:57:36,2026-04-09 11:57:36,Home Appliances,15781,3,Delivered,Mumbai,5,11,Apr
ORD481,2026-05-14 10:38:05,2026-05-18 10:38:05,Groceries,501,2,Delivered,Mumbai,4,10,May
ORD482,2026-05-24 21:03:42,2026-05-28 21:03:42,Fashion,2502,3,Delivered,Bangalore,4,21,May
ORD483,2026-02-09 17:31:56,2026-02-12 17:31:56,Fashion,2279,3,Delivered,Bangalore,3,17,Feb
ORD484,2026-03-19 13:02:08,2026-03-24 13:02:08,Groceries,680,5,Delivered,Mumbai,5,13,Mar
ORD485,2026-03-25 20:09:02,2026-03-28 20:09:02,Groceries,427,3,Delivered,Chennai,3,20,Mar
ORD486,2026-03-31 17:09:11,2026-04-04 17:09:11,Fashion,1103,1,Delivered,Mumbai,4,17,Mar
ORD487,2026-04-29 21:16:01,2026-05-02 21:16:01,Electronics,4887,3,Delivered,Mumbai,3,21,Apr
ORD488,2026-04-16 21:15:33,2026-04-21 21:15:33,Groceries,609,2,Delivered,Chennai,5,21,Apr
ORD489,2026-01-05 18:04:39,2026-01-07 18:04:39,Groceries,466,1,Cancelled,Delhi,2,18,Jan
ORD490,2026-05-24 11:31:36,2026-05-28 11:31:36,Books,1315,5,Delivered,Mumbai,4,11,May
ORD491,2026-02-15 10:33:02,2026-02-20 10:33:02,Groceries,292,2,Delivered,Delhi,5,10,Feb
ORD492,2026-04-26 13:39:14,2026-05-01 13:39:14,Fashion,689,5,Delivered,Delhi,5,13,Apr
ORD493,2026-05-06 17:30:06,2026-05-07 17:30:06,Groceries,752,2,Delivered,Delhi,1,17,May
ORD494,2026-05-26 12:18:23,2026-05-30 12:18:23,Books,793,5,Delivered,Mumbai,4,12,May
ORD495,2025-12-14 13:08:23,2025-12-19 13:08:23,Fashion,3372,4,Delivered,Mumbai,5,13,Dec
ORD496,2026-04-09 19:49:30,2026-04-15 19:49:30,Groceries,184,5,Delivered,Delhi,6,19,Apr
ORD497,2025-12-03 13:27:41,2025-12-05 13:27:41,Groceries,918,2,Delivered,Kochi,2,13,Dec
ORD498,2025-12-20 17:19:40,2025-12-25 17:19:40,Fashion,948,4,Delivered,Bangalore,5,17,Dec
ORD499,2026-02-15 13:58:53,2026-02-18 13:58:53,Groceries,638,1,Delivered,Delhi,3,13,Feb
ORD500,2025-12-23 14:58:02,2025-12-25 14:58:02,Groceries,712,3,Cancelled,Mumbai,2,14,Dec
ORD501,2026-04-29 17:12:59,2026-05-04 17:12:59,Fashion,3763,2,Cancelled,Mumbai,5,17,Apr
ORD502,2026-05-19 20:07:26,2026-05-26 20:07:26,Fashion,3744,3,Delivered,Mumbai,7,20,May
ORD503,2026-03-16 18:07:39,2026-03-18 18:07:39,Groceries,405,1,Delivered,Chennai,2,18,Mar
ORD504,2026-02-06 21:42:13,2026-02-09 21:42:13,Fashion,1887,2,Delivered,Chennai,3,21,Feb
ORD505,2026-03-27 19:25:43,2026-03-28 19:25:43,Books,1411,2,Delivered,Chennai,1,19,Mar
ORD506,2026-03-13 09:18:45,2026-03-18 09:18:45,Fashion,2130,5,Delivered,Bangalore,5,9,Mar
ORD507,2026-03-27 17:38:36,2026-04-01 17:38:36,Groceries,737,5,Delivered,Chennai,5,17,Mar
ORD508,2026-01-01 11:09:38,2026-01-05 11:09:38,Groceries,573,1,Delivered,Kochi,4,11,Jan
ORD509,2026-03-31 19:44:17,2026-04-01 19:44:17,Fashion,2556,4,Cancelled,Chennai,1,19,Mar
ORD510,2026-05-14 14:03:25,2026-05-21 14:03:25,Groceries,533,4,Delivered,Delhi,7,14,May
ORD511,2026-05-21 12:21:50,2026-05-24 12:21:50,Fashion,3868,2,Delivered,Chennai,3,12,May
ORD512,2026-02-21 20:43:14,2026-02-25 20:43:14,Electronics,5147,3,Cancelled,Delhi,4,20,Feb
ORD513,2026-01-18 21:02:04,2026-01-21 21:02:04,Fashion,1909,3,Delivered,Bangalore,3,21,Jan
ORD514,2026-04-29 21:44:22,2026-05-04 21:44:22,Fashion,2059,3,Delivered,Mumbai,5,21,Apr
ORD515,2026-02-16 13:54:53,2026-02-21 13:54:53,Electronics,8856,3,Delivered,Bangalore,5,13,Feb
ORD516,2025-12-30 18:24:52,2026-01-03 18:24:52,Fashion,3471,3,Delivered,Bangalore,4,18,Dec
ORD517,2025-12-25 19:46:46,2025-12-29 19:46:46,Electronics,9324,3,Delivered,Bangalore,4,19,Dec
ORD518,2026-05-05 19:40:52,2026-05-06 19:40:52,Fashion,568,4,Delivered,Kochi,1,19,May
ORD519,2025-12-18 14:57:54,2025-12-23 14:57:54,Groceries,889,4,Delivered,Mumbai,5,14,Dec
ORD520,2026-02-12 19:51:51,2026-02-15 19:51:51,Electronics,6732,5,Delivered,Mumbai,3,19,Feb
ORD521,2026-04-22 11:17:32,2026-04-25 11:17:32,Books,919,5,Delivered,Bangalore,3,11,Apr
ORD522,2026-02-06 18:28:39,2026-02-11 18:28:39,Groceries,860,5,Delivered,Chennai,5,18,Feb
ORD523,2026-02-20 19:44:32,2026-02-26 19:44:32,Groceries,952,3,Delivered,Delhi,6,19,Feb
ORD524,2026-03-29 09:26:25,2026-04-01 09:26:25,Groceries,161,4,Delivered,Kochi,3,9,Mar
ORD525,2026-01-27 17:58:19,2026-02-01 17:58:19,Groceries,559,4,Cancelled,Chennai,5,17,Jan
ORD526,2026-02-06 20:36:58,2026-02-10 20:36:58,Electronics,3931,2,Delivered,Kochi,4,20,Feb
ORD527,2025-11-29 12:06:57,2025-12-02 12:06:57,Books,523,1,Delivered,Kochi,3,12,Nov
ORD528,2026-03-12 19:27:27,2026-03-18 19:27:27,Electronics,7346,5,Cancelled,Chennai,6,19,Mar
ORD529,2026-04-25 18:07:41,2026-04-27 18:07:41,Groceries,343,1,Cancelled,Bangalore,2,18,Apr
ORD530,2026-02-24 12:12:53,2026-02-28 12:12:53,Electronics,9768,2,Delivered,Kochi,4,12,Feb
ORD531,2025-12-06 09:15:43,2025-12-11 09:15:43,Fashion,874,4,Delivered,Delhi,5,9,Dec
ORD532,2026-02-01 17:26:10,2026-02-06 17:26:10,Groceries,115,2,Delivered,Bangalore,5,17,Feb
ORD533,2026-05-20 13:50:47,2026-05-27 13:50:47,Groceries,945,5,Delivered,Kochi,7,13,May
ORD534,2025-12-18 09:29:51,2025-12-23 09:29:51,Electronics,7267,5,Delivered,Mumbai,5,9,Dec
ORD535,2026-01-21 19:05:08,2026-01-26 19:05:08,Home Appliances,24512,3,Delivered,Kochi,5,19,Jan
ORD536,2025-12-17 17:40:56,2025-12-22 17:40:56,Fashion,2407,3,Delivered,Kochi,5,17,Dec
ORD537,2026-02-16 12:37:37,2026-02-19 12:37:37,Electronics,7870,2,Delivered,Chennai,3,12,Feb
ORD538,2025-12-12 14:43:15,2025-12-16 14:43:15,Fashion,1348,5,Cancelled,Mumbai,4,14,Dec
ORD539,2025-12-09 19:51:52,2025-12-15 19:51:52,Groceries,994,4,Delivered,Chennai,6,19,Dec
ORD540,2026-05-09 13:43:44,2026-05-14 13:43:44,Books,868,1,Delivered,Bangalore,5,13,May
ORD541,2026-03-14 09:08:02,2026-03-20 09:08:02,Home Appliances,24596,4,Delivered,Mumbai,6,9,Mar
ORD542,2026-01-16 19:22:20,2026-01-18 19:22:20,Books,233,5,Delivered,Delhi,2,19,Jan
ORD543,2026-04-08 17:17:15,2026-04-12 17:17:15,Groceries,587,4,Delivered,Delhi,4,17,Apr
ORD544,2025-11-29 18:48:55,2025-12-01 18:48:55,Groceries,952,2,Delivered,Bangalore,2,18,Nov
ORD545,2026-05-27 20:46:55,2026-05-30 20:46:55,Groceries,374,1,Delivered,Mumbai,3,20,May
ORD546,2026-05-21 14:48:06,2026-05-26 14:48:06,Electronics,9800,5,Delivered,Delhi,5,14,May
ORD547,2026-03-06 09:28:13,2026-03-10 09:28:13,Fashion,2686,5,Delivered,Kochi,4,9,Mar
ORD548,2025-12-19 21:53:12,2025-12-24 21:53:12,Groceries,939,3,Delivered,Bangalore,5,21,Dec
ORD549,2026-03-31 21:54:39,2026-04-01 21:54:39,Fashion,1413,3,Cancelled,Kochi,1,21,Mar
ORD550,2026-02-09 19:22:23,2026-02-12 19:22:23,Groceries,761,5,Delivered,Delhi,3,19,Feb
ORD551,2026-03-13 17:55:59,2026-03-16 17:55:59,Fashion,977,1,Delivered,Bangalore,3,17,Mar
ORD552,2026-02-24 10:53:06,2026-02-28 10:53:06,Groceries,913,1,Delivered,Delhi,4,10,Feb
ORD553,2026-01-17 14:04:43,2026-01-20 14:04:43,Groceries,249,3,Delivered,Bangalore,3,14,Jan
ORD554,2026-05-28 18:25:07,2026-06-01 18:25:07,Fashion,694,2,Delivered,Mumbai,4,18,May
ORD555,2026-04-03 12:27:10,2026-04-06 12:27:10,Fashion,1126,3,Delivered,Chennai,3,12,Apr
ORD556,2026-03-01 20:15:43,2026-03-05 20:15:43,Groceries,245,5,Delivered,Chennai,4,20,Mar
ORD557,2026-01-24 10:24:51,2026-01-26 10:24:51,Groceries,131,4,Delivered,Kochi,2,10,Jan
ORD558,2026-03-28 14:52:54,2026-03-31 14:52:54,Home Appliances,7195,1,Delivered,Mumbai,3,14,Mar
ORD559,2025-12-12 19:06:26,2025-12-14 19:06:26,Books,1275,5,Delivered,Bangalore,2,19,Dec
ORD560,2026-02-09 19:17:17,2026-02-11 19:17:17,Fashion,1607,4,Delivered,Delhi,2,19,Feb
ORD561,2026-04-12 19:35:08,2026-04-15 19:35:08,Home Appliances,12935,2,Delivered,Delhi,3,19,Apr
ORD562,2026-05-02 09:46:39,2026-05-06 09:46:39,Electronics,5506,4,Delivered,Chennai,4,9,May
ORD563,2026-01-10 12:57:03,2026-01-11 12:57:03,Books,1421,2,Delivered,Mumbai,1,12,Jan
ORD564,2026-01-01 14:00:46,2026-01-04 14:00:46,Fashion,1640,2,Delivered,Chennai,3,14,Jan
ORD565,2025-11-28 12:37:57,2025-12-01 12:37:57,Home Appliances,16789,1,Delivered,Delhi,3,12,Nov
ORD566,2026-03-26 11:31:15,2026-03-29 11:31:15,Groceries,179,3,Delivered,Delhi,3,11,Mar
ORD567,2026-02-27 14:57:00,2026-03-03 14:57:00,Groceries,167,4,Cancelled,Kochi,4,14,Feb
ORD568,2026-04-04 21:23:34,2026-04-08 21:23:34,Groceries,130,2,Delivered,Delhi,4,21,Apr
ORD569,2026-04-04 21:22:59,2026-04-07 21:22:59,Home Appliances,21901,2,Cancelled,Mumbai,3,21,Apr
ORD570,2026-04-12 11:34:07,2026-04-15 11:34:07,Electronics,8956,4,Delivered,Delhi,3,11,Apr
ORD571,2026-02-04 18:52:33,2026-02-06 18:52:33,Groceries,613,4,Delivered,Bangalore,2,18,Feb
ORD572,2026-01-07 12:09:35,2026-01-11 12:09:35,Fashion,3111,5,Delivered,Chennai,4,12,Jan
ORD573,2026-02-23 09:29:45,2026-03-02 09:29:45,Electronics,5223,4,Cancelled,Kochi,7,9,Feb
ORD574,2026-01-10 13:38:20,2026-01-13 13:38:20,Groceries,873,5,Delivered,Bangalore,3,13,Jan
ORD575,2026-05-25 17:45:52,2026-05-30 17:45:52,Fashion,1474,4,Delivered,Kochi,5,17,May
ORD576,2026-05-04 21:48:58,2026-05-08 21:48:58,Books,1198,2,Delivered,Bangalore,4,21,May
ORD577,2026-03-17 12:32:35,2026-03-22 12:32:35,Fashion,2841,5,Cancelled,Kochi,5,12,Mar
ORD578,2026-03-25 09:05:37,2026-03-30 09:05:37,Groceries,541,4,Delivered,Kochi,5,9,Mar
ORD579,2026-05-01 10:36:39,2026-05-02 10:36:39,Groceries,427,2,Delivered,Delhi,1,10,May
ORD580,2026-05-06 18:55:43,2026-05-10 18:55:43,Books,588,4,Delivered,Kochi,4,18,May
ORD581,2026-04-21 20:14:21,2026-04-24 20:14:21,Electronics,6388,5,Delivered,Bangalore,3,20,Apr
ORD582,2026-02-12 12:34:38,2026-02-17 12:34:38,Fashion,3890,4,Delivered,Delhi,5,12,Feb
ORD583,2026-03-26 11:11:57,2026-03-28 11:11:57,Groceries,305,2,Delivered,Mumbai,2,11,Mar
ORD584,2026-02-03 21:17:05,2026-02-06 21:17:05,Fashion,3572,2,Delivered,Chennai,3,21,Feb
ORD585,2026-01-05 17:19:11,2026-01-07 17:19:11,Fashion,508,4,Delivered,Mumbai,2,17,Jan
ORD586,2026-04-12 18:10:19,2026-04-15 18:10:19,Groceries,190,2,Delivered,Bangalore,3,18,Apr
ORD587,2026-04-28 11:10:25,2026-05-03 11:10:25,Groceries,345,5,Cancelled,Chennai,5,11,Apr
ORD588,2026-02-12 10:56:53,2026-02-17 10:56:53,Books,934,5,Delivered,Kochi,5,10,Feb
ORD589,2026-02-07 11:15:15,2026-02-12 11:15:15,Electronics,2549,1,Delivered,Chennai,5,11,Feb
ORD590,2026-05-16 09:38:13,2026-05-20 09:38:13,Groceries,575,2,Delivered,Delhi,4,9,May
ORD591,2026-05-06 13:00:10,2026-05-10 13:00:10,Groceries,353,1,Delivered,Mumbai,4,13,May
ORD592,2026-04-08 11:27:39,2026-04-13 11:27:39,Groceries,704,1,Delivered,Bangalore,5,11,Apr
ORD593,2026-02-28 13:25:54,2026-03-03 13:25:54,Groceries,792,2,Delivered,Mumbai,3,13,Feb
ORD594,2026-04-12 14:29:59,2026-04-14 14:29:59,Electronics,4701,1,Cancelled,Kochi,2,14,Apr
ORD595,2026-01-27 11:58:24,2026-02-03 11:58:24,Fashion,1181,3,Delivered,Mumbai,7,11,Jan
ORD596,2026-02-17 19:50:49,2026-02-19 19:50:49,Electronics,3945,2,Delivered,Bangalore,2,19,Feb
ORD597,2026-01-13 17:24:20,2026-01-18 17:24:20,Fashion,3726,2,Delivered,Delhi,5,17,Jan
ORD598,2025-11-28 21:56:09,2025-12-02 21:56:09,Electronics,6815,5,Delivered,Delhi,4,21,Nov
ORD599,2026-04-16 12:10:51,2026-04-23 12:10:51,Home Appliances,10819,4,Delivered,Mumbai,7,12,Apr
ORD600,2025-12-07 19:33:23,2025-12-12 19:33:23,Fashion,3271,2,Delivered,Mumbai,5,19,Dec
ORD601,2026-02-28 14:35:19,2026-03-03 14:35:19,Books,1059,1,Delivered,Bangalore,3,14,Feb
ORD602,2026-05-11 21:12:02,2026-05-14 21:12:02,Fashion,1471,3,Delivered,Mumbai,3,21,May
ORD603,2026-04-15 20:08:17,2026-04-16 20:08:17,Fashion,2006,5,Delivered,Mumbai,1,20,Apr
ORD604,2026-04-20 21:22:03,2026-04-22 21:22:03,Fashion,3961,3,Delivered,Delhi,2,21,Apr
ORD605,2026-05-04 10:28:29,2026-05-07 10:28:29,Electronics,2361,3,Delivered,Bangalore,3,10,May
ORD606,2025-11-30 09:45:53,2025-12-04 09:45:53,Home Appliances,11619,5,Delivered,Chennai,4,9,Nov
ORD607,2026-04-02 20:04:19,2026-04-07 20:04:19,Electronics,9179,2,Delivered,Delhi,5,20,Apr
ORD608,2025-12-13 12:56:48,2025-12-16 12:56:48,Fashion,885,3,Delivered,Mumbai,3,12,Dec
ORD609,2025-11-28 11:38:56,2025-12-02 11:38:56,Fashion,3564,3,Delivered,Bangalore,4,11,Nov
ORD610,2026-03-21 14:44:49,2026-03-28 14:44:49,Groceries,457,4,Delivered,Kochi,7,14,Mar
ORD611,2026-04-18 13:03:54,2026-04-21 13:03:54,Books,460,1,Delivered,Bangalore,3,13,Apr
ORD612,2026-04-09 19:48:47,2026-04-14 19:48:47,Groceries,585,4,Delivered,Mumbai,5,19,Apr
ORD613,2025-12-18 14:05:11,2025-12-25 14:05:11,Home Appliances,14073,1,Delivered,Kochi,7,14,Dec
ORD614,2026-02-27 12:25:50,2026-03-04 12:25:50,Books,581,2,Delivered,Mumbai,5,12,Feb
ORD615,2026-02-10 10:28:26,2026-02-14 10:28:26,Electronics,5124,4,Delivered,Delhi,4,10,Feb
ORD616,2025-12-29 11:10:20,2026-01-03 11:10:20,Groceries,425,5,Delivered,Kochi,5,11,Dec
ORD617,2026-02-25 13:07:17,2026-02-26 13:07:17,Electronics,5652,2,Delivered,Bangalore,1,13,Feb
ORD618,2026-04-08 18:15:52,2026-04-14 18:15:52,Fashion,2023,3,Delivered,Kochi,6,18,Apr
ORD619,2026-02-04 10:17:55,2026-02-08 10:17:55,Books,1467,4,Delivered,Kochi,4,10,Feb
ORD620,2026-01-26 18:55:37,2026-01-30 18:55:37,Groceries,762,3,Delivered,Chennai,4,18,Jan
ORD621,2026-04-27 20:13:24,2026-05-02 20:13:24,Books,845,5,Cancelled,Chennai,5,20,Apr
ORD622,2026-03-02 11:14:13,2026-03-06 11:14:13,Electronics,8319,2,Delivered,Delhi,4,11,Mar
ORD623,2026-02-18 21:45:58,2026-02-22 21:45:58,Fashion,1232,2,Delivered,Delhi,4,21,Feb
ORD624,2026-04-15 20:24:23,2026-04-18 20:24:23,Fashion,1530,2,Delivered,Kochi,3,20,Apr
ORD625,2026-05-18 10:47:57,2026-05-22 10:47:57,Electronics,5194,3,Delivered,Bangalore,4,10,May
ORD626,2025-12-08 10:22:07,2025-12-14 10:22:07,Groceries,590,4,Delivered,Kochi,6,10,Dec
ORD627,2026-05-07 10:30:29,2026-05-14 10:30:29,Groceries,223,2,Delivered,Kochi,7,10,May
ORD628,2026-03-04 14:00:28,2026-03-11 14:00:28,Fashion,502,5,Delivered,Kochi,7,14,Mar
ORD629,2026-02-01 21:47:49,2026-02-02 21:47:49,Fashion,3909,5,Delivered,Mumbai,1,21,Feb
ORD630,2025-12-14 12:37:56,2025-12-19 12:37:56,Groceries,238,4,Delivered,Mumbai,5,12,Dec
ORD631,2026-01-26 10:03:48,2026-01-29 10:03:48,Books,791,3,Delivered,Chennai,3,10,Jan
ORD632,2025-12-23 12:23:17,2025-12-26 12:23:17,Groceries,656,1,Delivered,Kochi,3,12,Dec
ORD633,2026-03-22 19:07:08,2026-03-25 19:07:08,Fashion,2260,2,Delivered,Chennai,3,19,Mar
ORD634,2026-04-22 18:49:02,2026-04-23 18:49:02,Groceries,981,5,Delivered,Bangalore,1,18,Apr
ORD635,2026-02-14 14:57:38,2026-02-18 14:57:38,Groceries,745,5,Delivered,Bangalore,4,14,Feb
ORD636,2026-01-10 12:35:43,2026-01-13 12:35:43,Home Appliances,20101,3,Delivered,Delhi,3,12,Jan
ORD637,2026-03-25 09:37:04,2026-03-30 09:37:04,Electronics,3670,3,Cancelled,Delhi,5,9,Mar
ORD638,2026-05-25 13:04:20,2026-05-29 13:04:20,Groceries,116,1,Delivered,Delhi,4,13,May
ORD639,2026-05-13 09:07:49,2026-05-17 09:07:49,Books,1369,1,Delivered,Kochi,4,9,May
ORD640,2026-05-19 20:23:42,2026-05-23 20:23:42,Groceries,406,2,Delivered,Delhi,4,20,May
ORD641,2026-03-05 11:23:54,2026-03-10 11:23:54,Fashion,3637,1,Delivered,Kochi,5,11,Mar
ORD642,2026-05-19 19:30:23,2026-05-23 19:30:23,Groceries,110,5,Cancelled,Delhi,4,19,May
ORD643,2026-03-30 19:53:26,2026-04-03 19:53:26,Groceries,982,5,Delivered,Kochi,4,19,Mar
ORD644,2026-01-03 13:35:56,2026-01-07 13:35:56,Fashion,867,5,Cancelled,Kochi,4,13,Jan
ORD645,2026-01-25 21:47:36,2026-01-31 21:47:36,Groceries,444,2,Delivered,Bangalore,6,21,Jan
ORD646,2026-01-26 11:07:11,2026-01-31 11:07:11,Groceries,275,2,Delivered,Kochi,5,11,Jan
ORD647,2026-05-28 20:16:14,2026-06-01 20:16:14,Books,795,3,Delivered,Mumbai,4,20,May
ORD648,2026-01-30 18:02:21,2026-02-01 18:02:21,Electronics,5275,3,Delivered,Chennai,2,18,Jan
ORD649,2025-12-26 13:17:56,2025-12-27 13:17:56,Electronics,2402,1,Delivered,Kochi,1,13,Dec
ORD650,2026-05-19 09:48:55,2026-05-26 09:48:55,Fashion,3225,1,Delivered,Chennai,7,9,May
ORD651,2026-01-02 20:17:13,2026-01-07 20:17:13,Fashion,502,5,Delivered,Kochi,5,20,Jan
ORD652,2026-04-01 18:29:24,2026-04-03 18:29:24,Groceries,684,1,Delivered,Mumbai,2,18,Apr
ORD653,2026-03-06 12:27:07,2026-03-10 12:27:07,Electronics,9186,3,Delivered,Kochi,4,12,Mar
ORD654,2026-03-03 21:30:08,2026-03-04 21:30:08,Electronics,6395,1,Delivered,Kochi,1,21,Mar
ORD655,2025-12-07 14:12:38,2025-12-09 14:12:38,Groceries,834,4,Delivered,Kochi,2,14,Dec
ORD656,2026-05-15 12:38:53,2026-05-20 12:38:53,Fashion,1587,4,Delivered,Delhi,5,12,May
ORD657,2026-04-17 21:30:29,2026-04-20 21:30:29,Groceries,919,5,Delivered,Mumbai,3,21,Apr
ORD658,2025-12-27 19:16:41,2026-01-01 19:16:41,Books,835,4,Delivered,Mumbai,5,19,Dec
ORD659,2025-12-10 14:17:32,2025-12-14 14:17:32,Fashion,592,5,Delivered,Delhi,4,14,Dec
ORD660,2025-12-15 11:07:41,2025-12-18 11:07:41,Books,417,2,Delivered,Delhi,3,11,Dec
ORD661,2026-03-02 21:17:43,2026-03-09 21:17:43,Electronics,2000,5,Delivered,Chennai,7,21,Mar
ORD662,2026-03-04 10:32:52,2026-03-08 10:32:52,Fashion,1209,5,Delivered,Delhi,4,10,Mar
ORD663,2026-05-22 19:07:58,2026-05-26 19:07:58,Fashion,2676,3,Delivered,Bangalore,4,19,May
ORD664,2025-12-28 19:09:55,2025-12-31 19:09:55,Electronics,9856,3,Delivered,Kochi,3,19,Dec
ORD665,2026-03-13 13:03:59,2026-03-17 13:03:59,Groceries,598,2,Cancelled,Chennai,4,13,Mar
ORD666,2025-12-12 14:07:51,2025-12-19 14:07:51,Fashion,3187,2,Cancelled,Delhi,7,14,Dec
ORD667,2026-05-20 14:48:03,2026-05-22 14:48:03,Fashion,2159,5,Delivered,Kochi,2,14,May
ORD668,2026-05-05 20:06:16,2026-05-08 20:06:16,Electronics,2773,4,Delivered,Kochi,3,20,May
ORD669,2026-03-06 18:51:38,2026-03-10 18:51:38,Groceries,353,1,Delivered,Kochi,4,18,Mar
ORD670,2026-05-03 11:23:01,2026-05-07 11:23:01,Groceries,529,2,Delivered,Delhi,4,11,May
ORD671,2025-11-30 14:09:52,2025-12-03 14:09:52,Fashion,2160,1,Delivered,Bangalore,3,14,Nov
ORD672,2026-02-27 14:44:45,2026-03-05 14:44:45,Electronics,8549,5,Delivered,Delhi,6,14,Feb
ORD673,2026-01-24 19:25:37,2026-01-28 19:25:37,Fashion,1401,3,Delivered,Kochi,4,19,Jan
ORD674,2026-03-18 19:01:02,2026-03-20 19:01:02,Groceries,543,3,Delivered,Kochi,2,19,Mar
ORD675,2026-01-03 10:45:18,2026-01-05 10:45:18,Groceries,953,5,Delivered,Chennai,2,10,Jan
ORD676,2026-04-26 12:24:37,2026-05-02 12:24:37,Groceries,958,5,Delivered,Delhi,6,12,Apr
ORD677,2025-12-13 14:01:53,2025-12-17 14:01:53,Groceries,914,4,Delivered,Kochi,4,14,Dec
ORD678,2026-03-25 14:04:09,2026-03-26 14:04:09,Fashion,2304,5,Delivered,Delhi,1,14,Mar
ORD679,2025-12-09 14:32:09,2025-12-13 14:32:09,Fashion,799,5,Delivered,Chennai,4,14,Dec
ORD680,2026-01-12 17:02:39,2026-01-16 17:02:39,Fashion,2129,1,Delivered,Bangalore,4,17,Jan
ORD681,2026-04-29 21:46:22,2026-05-03 21:46:22,Electronics,5388,1,Delivered,Chennai,4,21,Apr
ORD682,2026-03-20 20:50:25,2026-03-25 20:50:25,Fashion,776,3,Delivered,Mumbai,5,20,Mar
ORD683,2026-02-01 13:35:22,2026-02-07 13:35:22,Fashion,1644,5,Delivered,Bangalore,6,13,Feb
ORD684,2026-04-10 18:24:37,2026-04-14 18:24:37,Groceries,702,4,Delivered,Mumbai,4,18,Apr
ORD685,2025-12-31 20:47:35,2026-01-02 20:47:35,Fashion,533,4,Cancelled,Delhi,2,20,Dec
ORD686,2026-02-03 17:03:38,2026-02-08 17:03:38,Fashion,3212,2,Delivered,Bangalore,5,17,Feb
ORD687,2026-01-29 20:42:12,2026-02-02 20:42:12,Groceries,152,2,Delivered,Bangalore,4,20,Jan
ORD688,2026-04-17 19:27:58,2026-04-21 19:27:58,Electronics,6577,3,Cancelled,Delhi,4,19,Apr
ORD689,2025-12-29 14:10:50,2026-01-04 14:10:50,Groceries,841,1,Delivered,Mumbai,6,14,Dec
ORD690,2026-03-19 21:59:17,2026-03-23 21:59:17,Books,1248,2,Cancelled,Mumbai,4,21,Mar
ORD691,2026-04-27 18:36:30,2026-05-02 18:36:30,Electronics,9668,1,Delivered,Mumbai,5,18,Apr
ORD692,2026-02-18 11:53:50,2026-02-21 11:53:50,Fashion,3288,1,Delivered,Mumbai,3,11,Feb
ORD693,2025-12-13 18:30:17,2025-12-15 18:30:17,Groceries,505,3,Delivered,Bangalore,2,18,Dec
ORD694,2026-01-19 12:45:29,2026-01-20 12:45:29,Electronics,2349,5,Delivered,Chennai,1,12,Jan
ORD695,2025-12-22 11:43:30,2025-12-25 11:43:30,Electronics,4991,5,Delivered,Mumbai,3,11,Dec
ORD696,2025-12-15 12:30:11,2025-12-17 12:30:11,Groceries,100,5,Delivered,Kochi,2,12,Dec
ORD697,2026-03-11 09:03:27,2026-03-14 09:03:27,Books,845,3,Delivered,Delhi,3,9,Mar
ORD698,2025-12-13 21:05:40,2025-12-17 21:05:40,Books,1084,2,Delivered,Chennai,4,21,Dec
ORD699,2026-02-06 12:08:37,2026-02-07 12:08:37,Fashion,2009,3,Delivered,Mumbai,1,12,Feb
ORD700,2026-03-14 19:40:59,2026-03-18 19:40:59,Groceries,792,5,Delivered,Bangalore,4,19,Mar
ORD701,2026-01-06 12:59:46,2026-01-10 12:59:46,Groceries,894,1,Delivered,Delhi,4,12,Jan
ORD702,2026-04-01 21:49:47,2026-04-07 21:49:47,Home Appliances,3577,2,Delivered,Kochi,6,21,Apr
ORD703,2026-01-15 13:53:33,2026-01-16 13:53:33,Groceries,747,5,Delivered,Chennai,1,13,Jan
ORD704,2026-03-13 11:32:07,2026-03-17 11:32:07,Home Appliances,19533,2,Delivered,Delhi,4,11,Mar
ORD705,2026-02-08 09:43:27,2026-02-09 09:43:27,Groceries,927,5,Delivered,Delhi,1,9,Feb
ORD706,2026-04-24 13:52:25,2026-04-29 13:52:25,Electronics,6762,5,Delivered,Kochi,5,13,Apr
ORD707,2026-05-22 18:50:49,2026-05-26 18:50:49,Groceries,873,5,Delivered,Kochi,4,18,May
ORD708,2026-03-01 14:20:36,2026-03-07 14:20:36,Electronics,6612,4,Delivered,Delhi,6,14,Mar
ORD709,2026-05-23 14:48:20,2026-05-29 14:48:20,Electronics,5617,4,Delivered,Bangalore,6,14,May
ORD710,2026-03-07 20:32:31,2026-03-11 20:32:31,Electronics,4107,2,Delivered,Bangalore,4,20,Mar
ORD711,2026-01-02 13:08:34,2026-01-05 13:08:34,Groceries,543,3,Delivered,Kochi,3,13,Jan
ORD712,2026-03-25 18:53:27,2026-03-30 18:53:27,Groceries,782,2,Delivered,Delhi,5,18,Mar
ORD713,2026-02-27 14:13:21,2026-03-03 14:13:21,Fashion,641,4,Delivered,Kochi,4,14,Feb
ORD714,2025-12-11 10:31:26,2025-12-13 10:31:26,Fashion,1794,1,Delivered,Delhi,2,10,Dec
ORD715,2026-02-23 17:22:30,2026-02-26 17:22:30,Fashion,2360,5,Delivered,Mumbai,3,17,Feb
ORD716,2026-02-05 09:53:23,2026-02-09 09:53:23,Fashion,1862,5,Delivered,Bangalore,4,9,Feb
ORD717,2026-04-28 13:54:54,2026-05-01 13:54:54,Electronics,8073,3,Cancelled,Mumbai,3,13,Apr
ORD718,2025-12-12 10:07:35,2025-12-17 10:07:35,Groceries,543,5,Delivered,Mumbai,5,10,Dec
ORD719,2026-01-24 13:25:00,2026-01-28 13:25:00,Fashion,1775,1,Delivered,Bangalore,4,13,Jan
ORD720,2025-12-28 18:52:23,2026-01-03 18:52:23,Groceries,751,3,Delivered,Chennai,6,18,Dec
ORD721,2026-03-12 17:33:28,2026-03-16 17:33:28,Fashion,1383,4,Delivered,Delhi,4,17,Mar
ORD722,2026-03-01 19:21:56,2026-03-06 19:21:56,Electronics,9151,5,Delivered,Chennai,5,19,Mar
ORD723,2026-02-27 21:18:41,2026-03-02 21:18:41,Home Appliances,7694,1,Delivered,Kochi,3,21,Feb
ORD724,2026-01-16 18:28:29,2026-01-20 18:28:29,Fashion,1482,1,Delivered,Kochi,4,18,Jan
ORD725,2026-02-27 18:06:23,2026-03-01 18:06:23,Books,1175,4,Delivered,Bangalore,2,18,Feb
ORD726,2026-03-29 09:25:19,2026-04-01 09:25:19,Home Appliances,3637,3,Delivered,Kochi,3,9,Mar
ORD727,2026-04-19 19:52:17,2026-04-22 19:52:17,Fashion,1019,2,Delivered,Chennai,3,19,Apr
ORD728,2026-01-04 12:24:49,2026-01-08 12:24:49,Groceries,394,2,Delivered,Delhi,4,12,Jan
ORD729,2026-02-09 21:26:34,2026-02-14 21:26:34,Home Appliances,10088,4,Cancelled,Bangalore,5,21,Feb
ORD730,2025-12-03 21:51:01,2025-12-08 21:51:01,Groceries,338,2,Delivered,Mumbai,5,21,Dec
ORD731,2026-01-30 09:17:58,2026-02-03 09:17:58,Electronics,8276,3,Delivered,Bangalore,4,9,Jan
ORD732,2026-03-09 11:07:34,2026-03-13 11:07:34,Groceries,202,5,Delivered,Mumbai,4,11,Mar
ORD733,2026-03-14 14:04:29,2026-03-18 14:04:29,Groceries,111,5,Delivered,Delhi,4,14,Mar
ORD734,2026-05-05 17:21:05,2026-05-09 17:21:05,Fashion,3919,4,Delivered,Delhi,4,17,May
ORD735,2025-12-04 12:49:45,2025-12-08 12:49:45,Groceries,672,5,Delivered,Chennai,4,12,Dec
ORD736,2025-12-08 13:17:26,2025-12-13 13:17:26,Electronics,6885,3,Cancelled,Kochi,5,13,Dec
ORD737,2026-03-12 12:11:42,2026-03-18 12:11:42,Electronics,4089,2,Delivered,Delhi,6,12,Mar
ORD738,2026-05-24 20:28:29,2026-05-28 20:28:29,Groceries,216,4,Delivered,Bangalore,4,20,May
ORD739,2026-01-08 09:55:05,2026-01-12 09:55:05,Groceries,754,1,Delivered,Chennai,4,9,Jan
ORD740,2026-02-19 21:56:54,2026-02-23 21:56:54,Groceries,957,3,Delivered,Delhi,4,21,Feb
ORD741,2026-02-25 13:49:30,2026-03-02 13:49:30,Groceries,489,3,Delivered,Kochi,5,13,Feb
ORD742,2026-03-14 14:24:03,2026-03-20 14:24:03,Groceries,869,2,Delivered,Bangalore,6,14,Mar
ORD743,2026-01-08 18:13:51,2026-01-12 18:13:51,Fashion,3849,3,Cancelled,Kochi,4,18,Jan
ORD744,2026-03-30 20:52:04,2026-04-03 20:52:04,Groceries,315,5,Delivered,Mumbai,4,20,Mar
ORD745,2026-05-19 09:37:12,2026-05-23 09:37:12,Electronics,3355,3,Cancelled,Bangalore,4,9,May
ORD746,2025-12-24 10:20:44,2025-12-30 10:20:44,Fashion,2205,3,Delivered,Kochi,6,10,Dec
ORD747,2026-03-11 14:07:29,2026-03-15 14:07:29,Groceries,729,3,Delivered,Bangalore,4,14,Mar
ORD748,2026-01-22 10:32:47,2026-01-28 10:32:47,Fashion,2442,1,Delivered,Mumbai,6,10,Jan
ORD749,2026-04-09 18:54:12,2026-04-14 18:54:12,Groceries,460,2,Delivered,Kochi,5,18,Apr
ORD750,2026-04-22 14:42:14,2026-04-27 14:42:14,Groceries,651,3,Delivered,Chennai,5,14,Apr
ORD751,2025-12-18 09:16:33,2025-12-22 09:16:33,Fashion,1907,3,Delivered,Mumbai,4,9,Dec
ORD752,2026-04-17 09:36:17,2026-04-20 09:36:17,Fashion,3255,2,Delivered,Mumbai,3,9,Apr
ORD753,2026-04-12 18:12:02,2026-04-18 18:12:02,Books,913,1,Delivered,Kochi,6,18,Apr
ORD754,2026-05-18 12:02:45,2026-05-23 12:02:45,Groceries,964,3,Delivered,Chennai,5,12,May
ORD755,2026-01-19 19:49:36,2026-01-22 19:49:36,Fashion,812,4,Delivered,Chennai,3,19,Jan
ORD756,2026-04-27 17:27:33,2026-05-01 17:27:33,Fashion,3240,4,Delivered,Mumbai,4,17,Apr
ORD757,2026-01-03 09:00:09,2026-01-06 09:00:09,Books,622,4,Delivered,Mumbai,3,9,Jan
ORD758,2026-02-05 18:15:16,2026-02-09 18:15:16,Groceries,955,3,Delivered,Delhi,4,18,Feb
ORD759,2025-12-11 20:10:25,2025-12-16 20:10:25,Electronics,2047,5,Delivered,Kochi,5,20,Dec
ORD760,2026-03-29 21:21:36,2026-04-01 21:21:36,Groceries,507,5,Delivered,Chennai,3,21,Mar
ORD761,2026-03-12 20:19:52,2026-03-16 20:19:52,Fashion,3691,2,Delivered,Bangalore,4,20,Mar
ORD762,2025-12-02 21:46:43,2025-12-05 21:46:43,Fashion,3699,3,Delivered,Kochi,3,21,Dec
ORD763,2025-12-11 12:47:32,2025-12-16 12:47:32,Home Appliances,8647,1,Delivered,Delhi,5,12,Dec
ORD764,2026-02-18 14:54:05,2026-02-24 14:54:05,Groceries,229,1,Delivered,Mumbai,6,14,Feb
ORD765,2026-03-15 19:48:21,2026-03-20 19:48:21,Fashion,2553,3,Delivered,Mumbai,5,19,Mar
ORD766,2026-01-14 17:47:04,2026-01-17 17:47:04,Books,1245,5,Delivered,Bangalore,3,17,Jan
ORD767,2026-03-30 19:38:17,2026-04-05 19:38:17,Groceries,244,3,Delivered,Delhi,6,19,Mar
ORD768,2026-04-19 09:54:24,2026-04-25 09:54:24,Groceries,756,2,Cancelled,Bangalore,6,9,Apr
ORD769,2026-04-21 13:23:16,2026-04-26 13:23:16,Groceries,811,2,Delivered,Delhi,5,13,Apr
ORD770,2026-05-04 10:04:37,2026-05-08 10:04:37,Groceries,876,5,Delivered,Mumbai,4,10,May
ORD771,2026-03-11 20:05:59,2026-03-14 20:05:59,Electronics,7020,3,Delivered,Kochi,3,20,Mar
ORD772,2026-04-05 12:44:11,2026-04-10 12:44:11,Fashion,1238,5,Delivered,Chennai,5,12,Apr
ORD773,2026-05-02 21:54:12,2026-05-05 21:54:12,Groceries,776,1,Delivered,Chennai,3,21,May
ORD774,2026-01-20 18:12:29,2026-01-22 18:12:29,Electronics,3871,4,Delivered,Bangalore,2,18,Jan
ORD775,2026-01-09 10:47:01,2026-01-13 10:47:01,Groceries,221,1,Delivered,Mumbai,4,10,Jan
ORD776,2026-04-20 20:24:22,2026-04-22 20:24:22,Electronics,7839,4,Delivered,Bangalore,2,20,Apr
ORD777,2026-01-14 21:58:42,2026-01-18 21:58:42,Groceries,633,5,Delivered,Chennai,4,21,Jan
ORD778,2026-04-22 18:37:15,2026-04-28 18:37:15,Groceries,910,4,Delivered,Bangalore,6,18,Apr
ORD779,2026-04-02 21:11:57,2026-04-06 21:11:57,Fashion,3036,3,Delivered,Chennai,4,21,Apr
ORD780,2026-02-15 14:48:17,2026-02-19 14:48:17,Groceries,712,2,Delivered,Mumbai,4,14,Feb
ORD781,2026-04-22 10:32:14,2026-04-25 10:32:14,Groceries,442,5,Delivered,Bangalore,3,10,Apr
ORD782,2026-04-23 19:23:42,2026-04-26 19:23:42,Groceries,866,2,Delivered,Chennai,3,19,Apr
ORD783,2026-05-17 17:01:26,2026-05-21 17:01:26,Fashion,1456,2,Delivered,Delhi,4,17,May
ORD784,2026-03-17 09:16:13,2026-03-18 09:16:13,Books,1198,1,Delivered,Delhi,1,9,Mar
ORD785,2026-03-18 14:50:47,2026-03-22 14:50:47,Fashion,1300,3,Delivered,Bangalore,4,14,Mar
ORD786,2025-12-29 14:30:40,2025-12-31 14:30:40,Electronics,9406,5,Delivered,Kochi,2,14,Dec
ORD787,2026-01-10 21:44:04,2026-01-14 21:44:04,Groceries,623,1,Delivered,Bangalore,4,21,Jan
ORD788,2026-05-27 17:28:07,2026-05-31 17:28:07,Fashion,2798,3,Delivered,Mumbai,4,17,May
ORD789,2025-11-30 18:59:12,2025-12-06 18:59:12,Electronics,2157,5,Delivered,Bangalore,6,18,Nov
ORD790,2026-03-06 11:58:00,2026-03-10 11:58:00,Fashion,3997,1,Delivered,Bangalore,4,11,Mar
ORD791,2026-02-16 10:45:34,2026-02-19 10:45:34,Fashion,3017,5,Delivered,Chennai,3,10,Feb
ORD792,2026-04-17 17:47:08,2026-04-21 17:47:08,Groceries,733,5,Delivered,Delhi,4,17,Apr
ORD793,2026-02-08 12:05:54,2026-02-12 12:05:54,Electronics,5131,2,Delivered,Delhi,4,12,Feb
ORD794,2026-01-26 17:46:00,2026-01-29 17:46:00,Groceries,866,2,Delivered,Delhi,3,17,Jan
ORD795,2026-03-01 14:46:27,2026-03-02 14:46:27,Groceries,620,2,Cancelled,Chennai,1,14,Mar
ORD796,2026-05-03 18:03:00,2026-05-07 18:03:00,Groceries,199,1,Delivered,Mumbai,4,18,May
ORD797,2025-12-16 19:41:43,2025-12-21 19:41:43,Fashion,1153,5,Delivered,Chennai,5,19,Dec
ORD798,2025-12-28 12:44:02,2026-01-01 12:44:02,Fashion,3257,2,Delivered,Mumbai,4,12,Dec
ORD799,2025-12-14 10:47:29,2025-12-17 10:47:29,Groceries,278,5,Delivered,Bangalore,3,10,Dec
ORD800,2026-04-06 13:47:00,2026-04-11 13:47:00,Electronics,7967,4,Delivered,Delhi,5,13,Apr
ORD801,2025-12-12 09:35:37,2025-12-17 09:35:37,Groceries,631,3,Delivered,Mumbai,5,9,Dec
ORD802,2026-01-27 12:55:35,2026-01-29 12:55:35,Electronics,9559,4,Delivered,Kochi,2,12,Jan
ORD803,2025-12-06 13:01:36,2025-12-13 13:01:36,Electronics,8613,1,Delivered,Chennai,7,13,Dec
ORD804,2026-02-22 13:27:05,2026-02-26 13:27:05,Fashion,1122,2,Delivered,Mumbai,4,13,Feb
ORD805,2026-03-02 17:44:17,2026-03-05 17:44:17,Groceries,710,5,Delivered,Kochi,3,17,Mar
ORD806,2025-12-06 19:13:06,2025-12-10 19:13:06,Electronics,9446,2,Delivered,Bangalore,4,19,Dec
ORD807,2025-12-10 14:04:54,2025-12-13 14:04:54,Fashion,571,2,Delivered,Delhi,3,14,Dec
ORD808,2026-03-07 12:18:09,2026-03-12 12:18:09,Groceries,294,4,Delivered,Chennai,5,12,Mar
ORD809,2025-12-24 10:18:30,2025-12-27 10:18:30,Fashion,2349,1,Delivered,Delhi,3,10,Dec
ORD810,2026-02-19 14:52:54,2026-02-24 14:52:54,Books,306,5,Delivered,Kochi,5,14,Feb
ORD811,2026-02-02 18:11:08,2026-02-03 18:11:08,Fashion,3938,2,Delivered,Bangalore,1,18,Feb
ORD812,2026-05-16 18:29:26,2026-05-20 18:29:26,Fashion,924,3,Delivered,Kochi,4,18,May
ORD813,2026-05-11 12:34:47,2026-05-13 12:34:47,Fashion,2076,3,Cancelled,Kochi,2,12,May
ORD814,2026-05-12 20:29:33,2026-05-19 20:29:33,Electronics,8081,2,Delivered,Delhi,7,20,May
ORD815,2026-05-02 20:06:22,2026-05-05 20:06:22,Books,751,2,Delivered,Mumbai,3,20,May
ORD816,2026-01-07 17:19:46,2026-01-10 17:19:46,Groceries,373,3,Delivered,Kochi,3,17,Jan
ORD817,2025-12-31 21:13:12,2026-01-05 21:13:12,Groceries,812,1,Delivered,Delhi,5,21,Dec
ORD818,2026-02-20 10:10:29,2026-02-24 10:10:29,Groceries,802,4,Cancelled,Kochi,4,10,Feb
ORD819,2026-01-07 10:09:53,2026-01-11 10:09:53,Groceries,145,1,Delivered,Delhi,4,10,Jan
ORD820,2026-04-18 09:16:53,2026-04-21 09:16:53,Groceries,405,4,Delivered,Kochi,3,9,Apr
ORD821,2026-05-12 18:57:12,2026-05-14 18:57:12,Groceries,491,4,Delivered,Kochi,2,18,May
ORD822,2026-04-21 14:51:55,2026-04-24 14:51:55,Electronics,7254,5,Delivered,Chennai,3,14,Apr
ORD823,2026-01-15 14:01:51,2026-01-19 14:01:51,Fashion,2875,5,Delivered,Delhi,4,14,Jan
ORD824,2026-03-23 09:41:37,2026-03-28 09:41:37,Books,344,4,Cancelled,Chennai,5,9,Mar
ORD825,2026-05-01 14:15:55,2026-05-04 14:15:55,Groceries,550,5,Delivered,Kochi,3,14,May
ORD826,2026-04-22 20:13:19,2026-04-25 20:13:19,Electronics,9630,4,Delivered,Mumbai,3,20,Apr
ORD827,2026-01-24 10:28:38,2026-01-28 10:28:38,Groceries,100,1,Delivered,Kochi,4,10,Jan
ORD828,2025-12-20 11:36:23,2025-12-23 11:36:23,Groceries,422,1,Delivered,Mumbai,3,11,Dec
ORD829,2026-03-16 19:34:38,2026-03-20 19:34:38,Fashion,3267,5,Delivered,Mumbai,4,19,Mar
ORD830,2026-03-02 09:01:11,2026-03-05 09:01:11,Fashion,1838,4,Delivered,Chennai,3,9,Mar
ORD831,2026-04-26 10:43:33,2026-04-30 10:43:33,Groceries,164,3,Delivered,Kochi,4,10,Apr
ORD832,2026-01-27 17:55:34,2026-01-31 17:55:34,Fashion,3547,2,Cancelled,Chennai,4,17,Jan
ORD833,2026-01-21 17:18:19,2026-01-25 17:18:19,Fashion,3777,5,Cancelled,Delhi,4,17,Jan
ORD834,2026-04-15 21:34:23,2026-04-21 21:34:23,Fashion,1563,4,Delivered,Mumbai,6,21,Apr
ORD835,2026-02-12 19:26:52,2026-02-16 19:26:52,Groceries,634,1,Delivered,Delhi,4,19,Feb
ORD836,2026-04-28 13:11:22,2026-05-03 13:11:22,Fashion,2375,3,Delivered,Mumbai,5,13,Apr
ORD837,2025-12-07 11:16:49,2025-12-12 11:16:49,Books,640,2,Delivered,Chennai,5,11,Dec
ORD838,2026-05-23 20:35:18,2026-05-26 20:35:18,Home Appliances,4388,3,Delivered,Mumbai,3,20,May
ORD839,2026-01-18 13:07:45,2026-01-21 13:07:45,Fashion,2504,1,Delivered,Kochi,3,13,Jan
ORD840,2026-03-19 17:51:30,2026-03-22 17:51:30,Electronics,6764,2,Delivered,Bangalore,3,17,Mar
ORD841,2026-02-16 14:37:13,2026-02-20 14:37:13,Groceries,520,1,Delivered,Delhi,4,14,Feb
ORD842,2026-02-22 20:29:30,2026-02-26 20:29:30,Fashion,1590,4,Delivered,Bangalore,4,20,Feb
ORD843,2026-05-18 19:56:24,2026-05-22 19:56:24,Groceries,567,5,Delivered,Kochi,4,19,May
ORD844,2026-03-22 17:46:22,2026-03-25 17:46:22,Groceries,887,3,Delivered,Delhi,3,17,Mar
ORD845,2026-03-24 13:21:36,2026-03-29 13:21:36,Electronics,2163,3,Delivered,Delhi,5,13,Mar
ORD846,2026-03-07 17:59:03,2026-03-12 17:59:03,Groceries,430,5,Delivered,Mumbai,5,17,Mar
ORD847,2026-01-03 10:17:05,2026-01-07 10:17:05,Groceries,109,3,Cancelled,Bangalore,4,10,Jan
ORD848,2026-04-03 11:08:10,2026-04-08 11:08:10,Fashion,1245,4,Delivered,Kochi,5,11,Apr
ORD849,2026-02-05 13:43:06,2026-02-08 13:43:06,Fashion,1394,1,Delivered,Mumbai,3,13,Feb
ORD850,2026-02-11 13:24:43,2026-02-15 13:24:43,Books,842,4,Delivered,Mumbai,4,13,Feb
ORD851,2026-04-04 12:53:10,2026-04-07 12:53:10,Groceries,495,4,Delivered,Chennai,3,12,Apr
ORD852,2026-03-20 21:33:23,2026-03-25 21:33:23,Books,1338,2,Delivered,Bangalore,5,21,Mar
ORD853,2025-12-08 21:53:10,2025-12-11 21:53:10,Electronics,5014,4,Delivered,Delhi,3,21,Dec
ORD854,2026-04-15 20:49:25,2026-04-19 20:49:25,Groceries,129,2,Delivered,Kochi,4,20,Apr
ORD855,2025-12-28 14:19:06,2026-01-01 14:19:06,Fashion,3664,3,Delivered,Chennai,4,14,Dec
ORD856,2026-03-29 17:08:15,2026-04-02 17:08:15,Groceries,632,1,Delivered,Kochi,4,17,Mar
ORD857,2026-02-23 17:31:04,2026-02-27 17:31:04,Fashion,3328,4,Delivered,Chennai,4,17,Feb
ORD858,2026-04-13 18:56:07,2026-04-17 18:56:07,Groceries,456,2,Delivered,Delhi,4,18,Apr
ORD859,2026-01-01 12:37:06,2026-01-04 12:37:06,Groceries,553,5,Delivered,Bangalore,3,12,Jan
ORD860,2026-04-19 18:23:54,2026-04-23 18:23:54,Fashion,1771,1,Delivered,Mumbai,4,18,Apr
ORD861,2026-01-04 17:23:12,2026-01-09 17:23:12,Home Appliances,7824,3,Delivered,Bangalore,5,17,Jan
ORD862,2026-05-22 18:12:21,2026-05-25 18:12:21,Books,279,5,Delivered,Delhi,3,18,May
ORD863,2025-12-21 12:28:46,2025-12-24 12:28:46,Electronics,9584,5,Delivered,Kochi,3,12,Dec
ORD864,2026-02-12 09:33:18,2026-02-15 09:33:18,Fashion,621,3,Delivered,Chennai,3,9,Feb
ORD865,2026-05-06 12:45:35,2026-05-07 12:45:35,Home Appliances,11887,3,Delivered,Chennai,1,12,May
ORD866,2025-12-03 19:34:20,2025-12-06 19:34:20,Electronics,2523,4,Delivered,Chennai,3,19,Dec
ORD867,2025-12-19 09:25:33,2025-12-22 09:25:33,Electronics,3408,4,Delivered,Mumbai,3,9,Dec
ORD868,2026-05-29 09:58:27,2026-05-31 09:58:27,Fashion,2124,3,Delivered,Chennai,2,9,May
ORD869,2026-04-26 10:54:16,2026-04-30 10:54:16,Groceries,696,4,Delivered,Delhi,4,10,Apr
ORD870,2025-12-05 19:22:27,2025-12-11 19:22:27,Fashion,1880,3,Delivered,Delhi,6,19,Dec
ORD871,2025-12-14 21:22:10,2025-12-18 21:22:10,Groceries,931,2,Delivered,Bangalore,4,21,Dec
ORD872,2026-01-18 13:43:14,2026-01-21 13:43:14,Books,562,5,Delivered,Mumbai,3,13,Jan
ORD873,2026-04-16 17:27:18,2026-04-20 17:27:18,Fashion,2365,2,Delivered,Delhi,4,17,Apr
ORD874,2025-12-14 13:46:20,2025-12-19 13:46:20,Groceries,176,5,Delivered,Kochi,5,13,Dec
ORD875,2025-12-13 19:50:41,2025-12-16 19:50:41,Fashion,2437,1,Delivered,Mumbai,3,19,Dec
ORD876,2026-04-30 17:29:32,2026-05-04 17:29:32,Fashion,2128,3,Delivered,Bangalore,4,17,Apr
ORD877,2026-04-27 19:36:45,2026-05-04 19:36:45,Groceries,633,1,Delivered,Chennai,7,19,Apr
ORD878,2026-03-06 10:38:34,2026-03-10 10:38:34,Electronics,6738,5,Delivered,Delhi,4,10,Mar
ORD879,2026-01-27 13:59:52,2026-01-29 13:59:52,Electronics,3050,3,Delivered,Mumbai,2,13,Jan
ORD880,2026-02-21 09:59:09,2026-02-22 09:59:09,Groceries,277,3,Cancelled,Delhi,1,9,Feb
ORD881,2025-12-12 21:31:51,2025-12-15 21:31:51,Home Appliances,20818,5,Delivered,Mumbai,3,21,Dec
ORD882,2026-03-31 19:09:27,2026-04-04 19:09:27,Groceries,369,4,Delivered,Delhi,4,19,Mar
ORD883,2026-04-25 18:16:37,2026-04-29 18:16:37,Groceries,418,5,Cancelled,Chennai,4,18,Apr
ORD884,2026-04-25 18:49:39,2026-04-29 18:49:39,Electronics,8957,2,Delivered,Chennai,4,18,Apr
ORD885,2026-03-12 19:09:37,2026-03-15 19:09:37,Groceries,548,4,Delivered,Kochi,3,19,Mar
ORD886,2026-05-26 19:17:13,2026-05-28 19:17:13,Groceries,778,4,Delivered,Chennai,2,19,May
ORD887,2026-05-07 11:23:58,2026-05-13 11:23:58,Groceries,743,2,Cancelled,Delhi,6,11,May
ORD888,2026-02-04 11:11:59,2026-02-10 11:11:59,Electronics,6704,1,Delivered,Chennai,6,11,Feb
ORD889,2026-02-25 18:40:26,2026-03-02 18:40:26,Groceries,737,3,Delivered,Kochi,5,18,Feb
ORD890,2026-04-11 17:37:08,2026-04-17 17:37:08,Fashion,3960,5,Delivered,Delhi,6,17,Apr
ORD891,2026-02-12 17:01:12,2026-02-15 17:01:12,Groceries,997,1,Cancelled,Mumbai,3,17,Feb
ORD892,2026-04-30 14:09:20,2026-05-06 14:09:20,Fashion,1880,5,Cancelled,Kochi,6,14,Apr
ORD893,2025-12-11 13:14:38,2025-12-14 13:14:38,Fashion,857,1,Delivered,Bangalore,3,13,Dec
ORD894,2026-02-07 18:41:35,2026-02-12 18:41:35,Books,1383,5,Delivered,Mumbai,5,18,Feb
ORD895,2026-03-25 12:11:31,2026-03-29 12:11:31,Electronics,2965,5,Delivered,Delhi,4,12,Mar
ORD896,2026-03-22 18:34:45,2026-03-24 18:34:45,Groceries,728,3,Delivered,Bangalore,2,18,Mar
ORD897,2026-01-26 12:01:38,2026-01-30 12:01:38,Electronics,5479,2,Delivered,Delhi,4,12,Jan
ORD898,2026-01-03 13:11:39,2026-01-06 13:11:39,Home Appliances,10161,2,Delivered,Mumbai,3,13,Jan
ORD899,2026-04-09 20:57:48,2026-04-12 20:57:48,Groceries,637,3,Delivered,Kochi,3,20,Apr
ORD900,2026-01-03 20:42:19,2026-01-06 20:42:19,Groceries,220,4,Delivered,Mumbai,3,20,Jan
ORD901,2026-05-28 18:33:15,2026-06-03 18:33:15,Electronics,7958,5,Delivered,Delhi,6,18,May
ORD902,2026-01-13 17:47:28,2026-01-18 17:47:28,Fashion,3628,4,Delivered,Kochi,5,17,Jan
ORD903,2025-12-28 14:09:34,2025-12-29 14:09:34,Groceries,176,3,Delivered,Chennai,1,14,Dec
ORD904,2025-12-30 11:04:40,2026-01-01 11:04:40,Fashion,1787,2,Delivered,Mumbai,2,11,Dec
ORD905,2026-04-12 20:48:21,2026-04-17 20:48:21,Electronics,3696,2,Delivered,Mumbai,5,20,Apr
ORD906,2026-02-22 14:47:02,2026-02-25 14:47:02,Fashion,1606,1,Delivered,Kochi,3,14,Feb
ORD907,2026-01-23 17:59:06,2026-01-27 17:59:06,Home Appliances,5589,1,Delivered,Bangalore,4,17,Jan
ORD908,2026-03-29 17:06:56,2026-04-02 17:06:56,Books,1355,2,Delivered,Kochi,4,17,Mar
ORD909,2026-01-20 13:00:53,2026-01-21 13:00:53,Electronics,8974,5,Delivered,Bangalore,1,13,Jan
ORD910,2025-12-10 11:58:38,2025-12-14 11:58:38,Fashion,2839,1,Delivered,Delhi,4,11,Dec
ORD911,2026-01-20 10:51:15,2026-01-25 10:51:15,Groceries,782,1,Delivered,Bangalore,5,10,Jan
ORD912,2025-12-17 11:16:25,2025-12-21 11:16:25,Books,455,3,Delivered,Delhi,4,11,Dec
ORD913,2026-02-16 18:54:05,2026-02-17 18:54:05,Fashion,1057,1,Cancelled,Delhi,1,18,Feb
ORD914,2026-01-17 10:23:45,2026-01-20 10:23:45,Groceries,691,5,Delivered,Delhi,3,10,Jan
ORD915,2026-01-10 14:43:47,2026-01-15 14:43:47,Home Appliances,4208,4,Delivered,Chennai,5,14,Jan
ORD916,2025-12-08 11:45:58,2025-12-10 11:45:58,Groceries,606,5,Delivered,Delhi,2,11,Dec
ORD917,2026-04-23 12:05:30,2026-04-27 12:05:30,Groceries,631,2,Delivered,Chennai,4,12,Apr
ORD918,2026-02-10 20:15:22,2026-02-15 20:15:22,Fashion,2184,5,Cancelled,Mumbai,5,20,Feb
ORD919,2025-12-27 13:38:14,2025-12-31 13:38:14,Groceries,815,5,Delivered,Bangalore,4,13,Dec
ORD920,2026-03-25 13:58:56,2026-03-28 13:58:56,Groceries,738,4,Delivered,Bangalore,3,13,Mar
ORD921,2026-02-24 13:01:18,2026-02-28 13:01:18,Groceries,296,5,Delivered,Chennai,4,13,Feb
ORD922,2025-12-27 17:09:12,2025-12-28 17:09:12,Books,1371,3,Delivered,Chennai,1,17,Dec
ORD923,2026-04-27 14:28:52,2026-05-02 14:28:52,Groceries,946,1,Delivered,Delhi,5,14,Apr
ORD924,2026-04-13 17:06:38,2026-04-18 17:06:38,Fashion,914,2,Delivered,Delhi,5,17,Apr
ORD925,2026-03-02 10:53:57,2026-03-08 10:53:57,Groceries,849,3,Delivered,Delhi,6,10,Mar
ORD926,2025-12-29 10:35:15,2025-12-30 10:35:15,Groceries,731,1,Cancelled,Bangalore,1,10,Dec
ORD927,2026-05-03 13:18:23,2026-05-08 13:18:23,Fashion,1757,4,Delivered,Bangalore,5,13,May
ORD928,2026-01-23 17:58:32,2026-01-27 17:58:32,Electronics,2767,1,Cancelled,Kochi,4,17,Jan
ORD929,2026-04-20 09:56:38,2026-04-22 09:56:38,Groceries,559,3,Delivered,Mumbai,2,9,Apr
ORD930,2026-04-03 19:59:58,2026-04-07 19:59:58,Fashion,2547,3,Delivered,Mumbai,4,19,Apr
ORD931,2025-11-29 19:53:44,2025-12-02 19:53:44,Groceries,401,3,Delivered,Mumbai,3,19,Nov
ORD932,2026-03-28 18:47:37,2026-04-02 18:47:37,Fashion,2307,4,Cancelled,Bangalore,5,18,Mar
ORD933,2025-11-28 14:16:37,2025-11-30 14:16:37,Electronics,4525,4,Delivered,Delhi,2,14,Nov
ORD934,2026-01-12 20:18:32,2026-01-18 20:18:32,Fashion,680,1,Delivered,Chennai,6,20,Jan
ORD935,2025-12-17 18:00:14,2025-12-20 18:00:14,Groceries,424,2,Delivered,Chennai,3,18,Dec
ORD936,2026-02-23 09:37:13,2026-02-26 09:37:13,Groceries,336,4,Delivered,Chennai,3,9,Feb
ORD937,2026-05-13 21:29:26,2026-05-18 21:29:26,Electronics,4193,1,Cancelled,Mumbai,5,21,May
ORD938,2026-05-11 10:55:56,2026-05-15 10:55:56,Fashion,1018,5,Delivered,Chennai,4,10,May
ORD939,2026-05-19 20:54:14,2026-05-22 20:54:14,Groceries,319,3,Cancelled,Bangalore,3,20,May
ORD940,2025-12-18 21:02:31,2025-12-22 21:02:31,Groceries,599,2,Delivered,Chennai,4,21,Dec
ORD941,2026-02-10 14:39:36,2026-02-13 14:39:36,Fashion,3216,4,Cancelled,Mumbai,3,14,Feb
ORD942,2025-12-24 09:05:46,2025-12-29 09:05:46,Groceries,549,2,Delivered,Kochi,5,9,Dec
ORD943,2026-01-16 14:06:05,2026-01-19 14:06:05,Fashion,3590,5,Delivered,Kochi,3,14,Jan
ORD944,2026-05-03 21:25:43,2026-05-07 21:25:43,Groceries,830,1,Delivered,Kochi,4,21,May
ORD945,2025-12-28 19:44:19,2026-01-04 19:44:19,Fashion,3717,5,Delivered,Delhi,7,19,Dec
ORD946,2026-04-09 14:27:15,2026-04-12 14:27:15,Fashion,3175,5,Delivered,Mumbai,3,14,Apr
ORD947,2026-01-22 19:35:36,2026-01-25 19:35:36,Groceries,393,1,Delivered,Kochi,3,19,Jan
ORD948,2026-01-03 18:02:09,2026-01-07 18:02:09,Fashion,2334,2,Cancelled,Bangalore,4,18,Jan
ORD949,2025-12-19 12:29:42,2025-12-23 12:29:42,Books,1121,1,Delivered,Kochi,4,12,Dec
ORD950,2026-01-05 18:42:15,2026-01-09 18:42:15,Home Appliances,18909,3,Delivered,Mumbai,4,18,Jan
ORD951,2026-01-24 10:22:53,2026-01-29 10:22:53,Groceries,867,5,Delivered,Delhi,5,10,Jan
ORD952,2026-03-10 10:09:22,2026-03-14 10:09:22,Fashion,1431,3,Delivered,Kochi,4,10,Mar
ORD953,2026-03-23 14:47:30,2026-03-28 14:47:30,Books,358,5,Delivered,Chennai,5,14,Mar
ORD954,2025-12-25 13:46:26,2025-12-27 13:46:26,Groceries,168,1,Delivered,Bangalore,2,13,Dec
ORD955,2026-03-13 21:53:49,2026-03-18 21:53:49,Groceries,686,1,Delivered,Delhi,5,21,Mar
ORD956,2026-03-23 12:55:20,2026-03-26 12:55:20,Groceries,985,2,Delivered,Mumbai,3,12,Mar
ORD957,2025-12-12 09:25:22,2025-12-13 09:25:22,Groceries,362,5,Delivered,Delhi,1,9,Dec
ORD958,2026-02-04 17:47:27,2026-02-08 17:47:27,Groceries,590,3,Delivered,Kochi,4,17,Feb
ORD959,2025-12-27 18:06:32,2025-12-30 18:06:32,Electronics,2450,4,Delivered,Bangalore,3,18,Dec
ORD960,2026-01-13 21:07:21,2026-01-17 21:07:21,Fashion,2314,4,Delivered,Kochi,4,21,Jan
ORD961,2026-01-10 12:23:41,2026-01-13 12:23:41,Groceries,165,5,Delivered,Kochi,3,12,Jan
ORD962,2025-12-29 12:35:32,2025-12-31 12:35:32,Groceries,673,1,Delivered,Delhi,2,12,Dec
ORD963,2026-03-08 19:31:23,2026-03-13 19:31:23,Books,1278,1,Delivered,Chennai,5,19,Mar
ORD964,2026-02-15 09:21:53,2026-02-19 09:21:53,Groceries,409,2,Cancelled,Kochi,4,9,Feb
ORD965,2026-03-26 12:15:05,2026-03-29 12:15:05,Groceries,663,2,Delivered,Chennai,3,12,Mar
ORD966,2026-04-04 13:22:18,2026-04-09 13:22:18,Groceries,554,5,Delivered,Chennai,5,13,Apr
ORD967,2026-04-04 21:56:01,2026-04-08 21:56:01,Electronics,2647,5,Delivered,Bangalore,4,21,Apr
ORD968,2026-03-27 19:37:56,2026-03-30 19:37:56,Home Appliances,23296,4,Delivered,Delhi,3,19,Mar
ORD969,2026-01-23 19:19:09,2026-01-27 19:19:09,Fashion,1250,1,Delivered,Chennai,4,19,Jan
ORD970,2026-02-15 11:15:08,2026-02-19 11:15:08,Electronics,9589,1,Delivered,Kochi,4,11,Feb
ORD971,2026-04-30 12:47:08,2026-05-03 12:47:08,Fashion,1227,3,Cancelled,Bangalore,3,12,Apr
ORD972,2026-02-04 11:20:28,2026-02-09 11:20:28,Home Appliances,21160,4,Delivered,Delhi,5,11,Feb
ORD973,2026-03-24 14:53:48,2026-03-26 14:53:48,Home Appliances,12635,3,Delivered,Chennai,2,14,Mar
ORD974,2026-02-19 19:16:20,2026-02-24 19:16:20,Electronics,4844,2,Delivered,Mumbai,5,19,Feb
ORD975,2026-01-28 12:07:26,2026-01-31 12:07:26,Home Appliances,10034,1,Delivered,Kochi,3,12,Jan
ORD976,2026-01-28 12:07:15,2026-02-04 12:07:15,Fashion,2631,3,Delivered,Kochi,7,12,Jan
ORD977,2025-12-14 11:29:24,2025-12-19 11:29:24,Electronics,5816,1,Cancelled,Delhi,5,11,Dec
ORD978,2026-04-26 17:44:51,2026-04-30 17:44:51,Books,362,4,Delivered,Mumbai,4,17,Apr
ORD979,2026-03-23 14:02:53,2026-03-27 14:02:53,Groceries,429,2,Delivered,Delhi,4,14,Mar
ORD980,2026-03-19 09:04:37,2026-03-23 09:04:37,Groceries,824,3,Delivered,Bangalore,4,9,Mar
ORD981,2026-05-25 13:34:34,2026-05-29 13:34:34,Groceries,339,3,Delivered,Mumbai,4,13,May
ORD982,2026-04-21 18:16:28,2026-04-24 18:16:28,Groceries,345,1,Delivered,Kochi,3,18,Apr
ORD983,2026-02-19 20:15:30,2026-02-22 20:15:30,Books,1466,4,Delivered,Delhi,3,20,Feb
ORD984,2025-12-15 18:34:17,2025-12-18 18:34:17,Electronics,8615,1,Delivered,Bangalore,3,18,Dec
ORD985,2026-05-01 19:28:49,2026-05-07 19:28:49,Groceries,120,5,Delivered,Chennai,6,19,May
ORD986,2026-03-20 12:17:30,2026-03-24 12:17:30,Fashion,2141,5,Delivered,Delhi,4,12,Mar
ORD987,2026-04-08 14:16:38,2026-04-12 14:16:38,Groceries,962,2,Delivered,Bangalore,4,14,Apr
ORD988,2026-02-16 13:39:16,2026-02-18 13:39:16,Electronics,4266,4,Delivered,Chennai,2,13,Feb
ORD989,2026-05-28 17:38:32,2026-06-01 17:38:32,Home Appliances,19162,1,Delivered,Chennai,4,17,May
ORD990,2026-02-04 12:21:40,2026-02-05 12:21:40,Groceries,240,3,Delivered,Chennai,1,12,Feb
ORD991,2026-05-07 17:42:30,2026-05-12 17:42:30,Groceries,850,3,Delivered,Chennai,5,17,May
ORD992,2026-03-14 19:04:32,2026-03-18 19:04:32,Electronics,4019,4,Delivered,Delhi,4,19,Mar
ORD993,2025-12-21 10:38:04,2025-12-26 10:38:04,Fashion,2377,4,Delivered,Bangalore,5,10,Dec
ORD994,2026-01-25 09:53:45,2026-02-01 09:53:45,Groceries,232,4,Delivered,Kochi,7,9,Jan
ORD995,2026-04-09 17:22:05,2026-04-15 17:22:05,Electronics,6402,2,Delivered,Bangalore,6,17,Apr
ORD996,2026-02-19 13:40:11,2026-02-24 13:40:11,Fashion,2673,2,Delivered,Mumbai,5,13,Feb
ORD997,2026-05-05 09:38:05,2026-05-11 09:38:05,Groceries,954,1,Delivered,Chennai,6,9,May
ORD998,2025-12-12 17:06:12,2025-12-14 17:06:12,Fashion,3084,3,Delivered,Kochi,2,17,Dec
ORD999,2026-02-12 12:05:31,2026-02-17 12:05:31,Fashion,1196,4,Delivered,Bangalore,5,12,Feb
ORD1000,2026-01-09 20:03:30,2026-01-13 20:03:30,Books,600,5,Delivered,Kochi,4,20,Jan
